"bucket","bm_1_m_status","bm_2_m_status","electrical_consumtion","electrical_current","electrical_power","electrical_voltage","global_status","heat_material_out","lpc_m_status","master_shaft_drive_heat","master_shaft_load","master_shaft_motor_heat","master_shaft_speed","number_of_recipe","ob_1_m_status","production_mode","pusher_left_load","pusher_left_motor_heat","pusher_left_position","pusher_left_speed","pusher_right_load","pusher_right_motor_heat","pusher_right_position","pusher_right_speed","recipe_bst_overheat_info_sp","recipe_bst_overheat_warn_sp","recipe_bst_overload_info_sp","recipe_bst_overload_warn_sp","recipe_bst_speed_sp","recipe_push_down_position_sp","recipe_push_max_load_sp","recipe_push_min_speed_sp","rpc_m_status","shaft_counter_h","slave_shaft_drive_heat","slave_shaft_load","slave_shaft_motor_heat","slaver_shaft_speed","sm_m_status","ss_m_status","weight_pv"
"2022-07-24T15:10:00Z",0,0,0,0,0,0,6,24,7,31,0,19,0,1,0,1,0,28,39,0,0,28,15,0,80,95,40,65,100,200,60,8,0,228,32,0,22,0,0,0,0
"2022-07-24T15:20:00Z",0,0,0,0,0,0,6,24,7,31,0,19,0,1,0,1,0,28,39,0,0,28,15,0,80,95,40,65,100,200,60,8,0,228,32,0,22,0,0,0,0
"2022-07-24T15:30:00Z",0,0,0,0,0,0,6,24,7,31,0,19,0,1,0,1,0,28,39,0,0,28,15,0,80,95,40,65,100,200,60,8,0,228,32,0,22,0,0,0,0
"2022-07-24T15:40:00Z",0,0,0,0,0,0,6,24,7,31,0,19,0,1,0,1,0,28,39,0,0,28,15,0,80,95,40,65,100,200,60,8,0,228,32,0,22,0,0,0,0
"2022-07-24T15:50:00Z",0,0,0,0,0,0,6,24,7,31,0,19,0,1,0,1,0,28,39,0,0,28,15,0,80,95,40,65,100,200,60,8,0,228,32,0,22,0,0,0,0
"2022-07-24T16:00:00Z",0,0,0,0,0,0,6,24,7,31,0,19,0,1,0,1,0,28,39,0,0,28,15,0,80,95,40,65,100,200,60,8,0,228,32,0,22,0,0,0,0
"2022-07-24T16:10:00Z",0,0,0,0,0,0,6,24,7,32,0,19,0,1,0,1,0,28,39,0,0,28,15,0,80,95,40,65,100,200,60,8,0,228,32,0,22,0,0,0,0
"2022-07-24T16:20:00Z",0,0,0,0,0,0,6,24,7,32,0,19,0,1,0,1,0,28,39,0,0,28,15,0,80,95,40,65,100,200,60,8,0,228,32,0,22,0,0,0,0
"2022-07-24T16:30:00Z",0,0,0,0,0,0,6,24,7,32,0,19,0,1,0,1,0,28,39,0,0,28,15,0,80,95,40,65,100,200,60,8,0,228,32,0,22,0,0,0,0
"2022-07-24T16:40:00Z",0,0,0,0,0,0,6,24,7,32,0,19,0,1,0,1,0,28,39,0,0,28,15,0,80,95,40,65,100,200,60,8,0,228,32,0,22,0,0,0,0
"2022-07-24T16:50:00Z",0,0,0,0,0,0,6,24,7,32,0,19,0,1,0,1,0,28,39,0,0,28,15,0,80,95,40,65,100,200,60,8,0,228,32,0,22,0,0,0,0
"2022-07-24T17:00:00Z",0,0,0,0,0,0,6,24,7,32,0,19,0,1,0,1,0,28,39,0,0,28,15,0,80,95,40,65,100,200,60,8,0,228,32,0,22,0,0,0,0
"2022-07-24T17:10:00Z",0,0,0,0,0,0,6,24,7,32,0,19,0,1,0,1,0,28,39,0,0,28,15,0,80,95,40,65,100,200,60,8,0,228,32,0,22,0,0,0,0
"2022-07-24T17:20:00Z",0,0,0,0,0,0,6,24,7,32,0,19,0,1,0,1,0,28,39,0,0,28,15,0,80,95,40,65,100,200,60,8,0,228,32,0,22,0,0,0,0
"2022-07-24T17:30:00Z",0,0,0,0,0,0,6,24,7,32,0,19,0,1,0,1,0,28,39,0,0,28,15,0,80,95,40,65,100,200,60,8,0,228,32,0,22,0,0,0,0
"2022-07-24T17:40:00Z",0,0,0,0,0,0,6,24,7,32,0,19,0,1,0,1,0,28,39,0,0,28,15,0,80,95,40,65,100,200,60,8,0,228,32,0,22,0,0,0,0
"2022-07-24T17:50:00Z",0,0,0,0,0,0,6,24,7,32,0,19,0,1,0,1,0,28,39,0,0,28,15,0,80,95,40,65,100,200,60,8,0,228,32,0,22,0,0,0,0
"2022-07-24T18:00:00Z",0,0,0,0,0,0,6,24,7,32,0,19,0,1,0,1,0,28,39,0,0,28,15,0,80,95,40,65,100,200,60,8,0,228,32,0,22,0,0,0,0
"2022-07-24T18:10:00Z",0,0,0,0,0,0,6,25,7,32,0,19,0,1,0,1,0,28,39,0,0,28,15,0,80,95,40,65,100,200,60,8,0,228,32,0,22,0,0,0,0
"2022-07-24T18:20:00Z",0,0,0,0,0,0,6,24,7,32,0,19,0,1,0,1,0,28,39,0,0,28,15,0,80,95,40,65,100,200,60,8,0,228,32,0,22,0,0,0,0
"2022-07-24T18:30:00Z",0,0,0,0,0,0,6,25,7,32,0,19,0,1,0,1,0,28,39,0,0,28,15,0,80,95,40,65,100,200,60,8,0,228,32,0,22,0,0,0,0
"2022-07-24T18:40:00Z",0,0,0,0,0,0,6,24,7,32,0,19,0,1,0,1,0,28,39,0,0,28,15,0,80,95,40,65,100,200,60,8,0,228,32,0,22,0,0,0,0
"2022-07-24T18:50:00Z",0,0,0,0,0,0,6,25,7,32,0,19,0,1,0,1,0,28,39,0,0,28,15,0,80,95,40,65,100,200,60,8,0,228,32,0,22,0,0,0,0
"2022-07-24T19:00:00Z",0,0,0,0,0,0,6,24,7,32,0,19,0,1,0,1,0,28,39,0,0,28,15,0,80,95,40,65,100,200,60,8,0,228,32,0,22,0,0,0,0
"2022-07-24T19:10:00Z",0,0,0,0,0,0,6,25,7,32,0,19,0,1,0,1,0,28,39,0,0,28,15,0,80,95,40,65,100,200,60,8,0,228,32,0,22,0,0,0,0
"2022-07-24T19:20:00Z",0,0,0,0,0,0,6,25,7,32,0,19,0,1,0,1,0,28,39,0,0,28,15,0,80,95,40,65,100,200,60,8,0,228,32,0,22,0,0,0,0
"2022-07-24T19:30:00Z",0,0,0,0,0,0,6,25,7,32,0,19,0,1,0,1,0,28,39,0,0,28,15,0,80,95,40,65,100,200,60,8,0,228,32,0,22,0,0,0,0
"2022-07-24T19:40:00Z",0,0,0,0,0,0,6,24,7,31,0,19,0,1,0,1,0,28,39,0,0,28,15,0,80,95,40,65,100,200,60,8,0,228,32,0,22,0,0,0,0
"2022-07-24T19:50:00Z",0,0,0,0,0,0,6,25,7,31,0,19,0,1,0,1,0,28,39,0,0,28,15,0,80,95,40,65,100,200,60,8,0,228,32,0,22,0,0,0,0
"2022-07-24T20:00:00Z",0,0,0,0,0,0,6,25,7,31,0,19,0,1,0,1,0,28,39,0,0,28,15,0,80,95,40,65,100,200,60,8,0,228,32,0,22,0,0,0,0
"2022-07-24T20:10:00Z",0,0,0,0,0,0,6,24,7,31,0,19,0,1,0,1,0,28,39,0,0,27,15,0,80,95,40,65,100,200,60,8,0,228,32,0,22,0,0,0,0
"2022-07-24T20:20:00Z",0,0,0,0,0,0,6,24,7,31,0,19,0,1,0,1,0,28,39,0,0,28,15,0,80,95,40,65,100,200,60,8,0,228,32,0,22,0,0,0,0
"2022-07-24T20:30:00Z",0,0,0,0,0,0,6,24,7,31,0,19,0,1,0,1,0,28,39,0,0,28,15,0,80,95,40,65,100,200,60,8,0,228,32,0,22,0,0,0,0
"2022-07-24T20:40:00Z",0,0,0,0,0,0,6,24,7,31,0,19,0,1,0,1,0,28,39,0,0,27,15,0,80,95,40,65,100,200,60,8,0,228,32,0,22,0,0,0,0
"2022-07-24T20:50:00Z",0,0,0,0,0,0,6,24,7,31,0,19,0,1,0,1,0,28,39,0,0,27,15,0,80,95,40,65,100,200,60,8,0,228,32,0,22,0,0,0,0
"2022-07-24T21:00:00Z",0,0,0,0,0,0,6,24,7,31,0,19,0,1,0,1,0,28,39,0,0,27,15,0,80,95,40,65,100,200,60,8,0,228,32,0,22,0,0,0,0
"2022-07-24T21:10:00Z",0,0,0,0,0,0,6,24,7,31,0,19,0,1,0,1,0,27,39,0,0,27,15,0,80,95,40,65,100,200,60,8,0,228,32,0,22,0,0,0,0
"2022-07-24T21:20:00Z",0,0,0,0,0,0,6,24,7,31,0,19,0,1,0,1,0,28,39,0,0,27,15,0,80,95,40,65,100,200,60,8,0,228,32,0,22,0,0,0,0
"2022-07-24T21:30:00Z",0,0,0,0,0,0,6,24,7,31,0,19,0,1,0,1,0,27,39,0,0,27,15,0,80,95,40,65,100,200,60,8,0,228,32,0,22,0,0,0,0
"2022-07-24T21:40:00Z",0,0,0,0,0,0,6,24,7,31,0,19,0,1,0,1,0,27,39,0,0,27,15,0,80,95,40,65,100,200,60,8,0,228,32,0,22,0,0,0,0
"2022-07-24T21:50:00Z",0,0,0,0,0,0,6,24,7,31,0,19,0,1,0,1,0,27,39,0,0,27,15,0,80,95,40,65,100,200,60,8,0,228,32,0,22,0,0,0,0
"2022-07-24T22:00:00Z",0,0,0,0,0,0,6,24,7,31,0,19,0,1,0,1,0,27,39,0,0,27,15,0,80,95,40,65,100,200,60,8,0,228,32,0,22,0,0,0,0
"2022-07-24T22:10:00Z",0,0,0,0,0,0,6,24,7,31,0,19,0,1,0,1,0,27,39,0,0,27,15,0,80,95,40,65,100,200,60,8,0,228,32,0,22,0,0,0,0
"2022-07-24T22:20:00Z",0,0,0,0,0,0,6,24,7,31,0,19,0,1,0,1,0,27,39,0,0,27,15,0,80,95,40,65,100,200,60,8,0,228,32,0,22,0,0,0,0
"2022-07-24T22:30:00Z",0,0,0,0,0,0,6,24,7,31,0,19,0,1,0,1,0,27,39,0,0,27,15,0,80,95,40,65,100,200,60,8,0,228,32,0,22,0,0,0,0
"2022-07-24T22:40:00Z",0,0,0,0,0,0,6,24,7,31,0,19,0,1,0,1,0,27,39,0,0,27,15,0,80,95,40,65,100,200,60,8,0,228,32,0,22,0,0,0,0
"2022-07-24T22:50:00Z",0,0,0,0,0,0,6,24,7,31,0,19,0,1,0,1,0,27,39,0,0,27,15,0,80,95,40,65,100,200,60,8,0,228,32,0,22,0,0,0,0
"2022-07-24T23:00:00Z",0,0,0,0,0,0,6,24,7,31,0,19,0,1,0,1,0,27,39,0,0,27,15,0,80,95,40,65,100,200,60,8,0,228,32,0,22,0,0,0,0
"2022-07-24T23:10:00Z",0,0,0,0,0,0,6,24,7,31,0,19,0,1,0,1,0,27,39,0,0,27,15,0,80,95,40,65,100,200,60,8,0,228,32,0,21,0,0,0,0
"2022-07-24T23:20:00Z",0,0,0,0,0,0,6,24,7,31,0,19,0,1,0,1,0,27,39,0,0,27,15,0,80,95,40,65,100,200,60,8,0,228,32,0,21,0,0,0,0
"2022-07-24T23:30:00Z",0,0,0,0,0,0,6,24,7,31,0,19,0,1,0,1,0,27,39,0,0,27,15,0,80,95,40,65,100,200,60,8,0,228,32,0,21,0,0,0,0
"2022-07-24T23:40:00Z",0,0,0,0,0,0,6,24,7,31,0,19,0,1,0,1,0,27,39,0,0,27,15,0,80,95,40,65,100,200,60,8,0,228,32,0,21,0,0,0,0
"2022-07-24T23:50:00Z",0,0,0,0,0,0,6,24,7,31,0,19,0,1,0,1,0,27,39,0,0,27,15,0,80,95,40,65,100,200,60,8,0,228,32,0,21,0,0,0,0
"2022-07-25T00:00:00Z",0,0,0,0,0,0,6,24,7,31,0,18,0,1,0,1,0,27,39,0,0,27,15,0,80,95,40,65,100,200,60,8,0,228,32,0,21,0,0,0,0
"2022-07-25T00:10:00Z",0,0,0,0,0,0,6,23,7,31,0,18,0,1,0,1,0,27,39,0,0,27,15,0,80,95,40,65,100,200,60,8,0,228,32,0,21,0,0,0,0
"2022-07-25T00:20:00Z",0,0,0,0,0,0,6,24,7,31,0,18,0,1,0,1,0,27,39,0,0,27,15,0,80,95,40,65,100,200,60,8,0,228,32,0,21,0,0,0,0
"2022-07-25T00:30:00Z",0,0,0,0,0,0,6,24,7,31,0,18,0,1,0,1,0,27,39,0,0,27,15,0,80,95,40,65,100,200,60,8,0,228,32,0,21,0,0,0,0
"2022-07-25T00:40:00Z",0,0,0,0,0,0,6,23,7,31,0,18,0,1,0,1,0,27,39,0,0,27,15,0,80,95,40,65,100,200,60,8,0,228,32,0,21,0,0,0,0
"2022-07-25T00:50:00Z",0,0,0,0,0,0,6,23,7,31,0,18,0,1,0,1,0,27,39,0,0,27,15,0,80,95,40,65,100,200,60,8,0,228,32,0,21,0,0,0,0
"2022-07-25T01:00:00Z",0,0,0,0,0,0,6,23,7,31,0,18,0,1,0,1,0,27,39,0,0,27,15,0,80,95,40,65,100,200,60,8,0,228,32,0,21,0,0,0,0
"2022-07-25T01:10:00Z",0,0,0,0,0,0,6,23,7,31,0,18,0,1,0,1,0,27,39,0,0,27,15,0,80,95,40,65,100,200,60,8,0,228,32,0,21,0,0,0,0
"2022-07-25T01:20:00Z",0,0,0,0,0,0,6,23,7,31,0,18,0,1,0,1,0,27,39,0,0,27,15,0,80,95,40,65,100,200,60,8,0,228,32,0,21,0,0,0,0
"2022-07-25T01:30:00Z",0,0,0,0,0,0,6,23,7,31,0,18,0,1,0,1,0,27,39,0,0,27,15,0,80,95,40,65,100,200,60,8,0,228,32,0,21,0,0,0,0
"2022-07-25T01:40:00Z",0,0,0,0,0,0,6,23,7,31,0,18,0,1,0,1,0,27,39,0,0,27,15,0,80,95,40,65,100,200,60,8,0,228,32,0,21,0,0,0,0
"2022-07-25T01:50:00Z",0,0,0,0,0,0,6,23,7,31,0,18,0,1,0,1,0,27,39,0,0,27,15,0,80,95,40,65,100,200,60,8,0,228,32,0,21,0,0,0,0
"2022-07-25T02:00:00Z",0,0,0,0,0,0,6,23,7,31,0,18,0,1,0,1,0,27,39,0,0,27,15,0,80,95,40,65,100,200,60,8,0,228,32,0,21,0,0,0,0
"2022-07-25T02:10:00Z",0,0,0,0,0,0,6,23,7,31,0,18,0,1,0,1,0,27,39,0,0,27,15,0,80,95,40,65,100,200,60,8,0,228,32,0,21,0,0,0,0
"2022-07-25T02:20:00Z",0,0,0,0,0,0,6,23,7,31,0,18,0,1,0,1,0,27,39,0,0,27,15,0,80,95,40,65,100,200,60,8,0,228,32,0,21,0,0,0,0
"2022-07-25T02:30:00Z",0,0,0,0,0,0,6,23,7,31,0,18,0,1,0,1,0,27,39,0,0,27,15,0,80,95,40,65,100,200,60,8,0,228,32,0,21,0,0,0,0
"2022-07-25T02:40:00Z",0,0,0,0,0,0,6,23,7,31,0,18,0,1,0,1,0,27,39,0,0,27,15,0,80,95,40,65,100,200,60,8,0,228,32,0,21,0,0,0,0
"2022-07-25T02:50:00Z",0,0,0,0,0,0,6,23,7,31,0,18,0,1,0,1,0,27,39,0,0,27,15,0,80,95,40,65,100,200,60,8,0,228,32,0,21,0,0,0,0
"2022-07-25T03:00:00Z",0,0,0,0,0,0,6,23,7,31,0,18,0,1,0,1,0,27,39,0,0,27,15,0,80,95,40,65,100,200,60,8,0,228,32,0,21,0,0,0,0
"2022-07-25T03:10:00Z",0,0,0,0,0,0,6,23,7,31,0,18,0,1,0,1,0,27,39,0,0,27,15,0,80,95,40,65,100,200,60,8,0,228,31,0,21,0,0,0,0
"2022-07-25T03:20:00Z",0,0,0,0,0,0,6,23,7,31,0,18,0,1,0,1,0,27,39,0,0,27,15,0,80,95,40,65,100,200,60,8,0,228,31,0,21,0,0,0,0
"2022-07-25T03:30:00Z",0,0,0,0,0,0,6,23,7,31,0,18,0,1,0,1,0,27,39,0,0,27,15,0,80,95,40,65,100,200,60,8,0,228,31,0,21,0,0,0,0
"2022-07-25T03:40:00Z",0,0,0,0,0,0,6,23,7,31,0,18,0,1,0,1,0,27,39,0,0,27,15,0,80,95,40,65,100,200,60,8,0,228,31,0,21,0,0,0,0
"2022-07-25T03:50:00Z",0,0,0,0,0,0,6,23,7,30,0,18,0,1,0,1,0,27,39,0,0,27,15,0,80,95,40,65,100,200,60,8,0,228,31,0,21,0,0,0,0
"2022-07-25T04:00:00Z",1,1,0,0,0,0,4,23,7,30,1,18,73,1,1,1,26,27,32,0,0,27,73,0,80,95,40,65,100,200,60,8,1,228,31,2,21,73,1,1,0
"2022-07-25T04:10:00Z",2,2,0,0,0,0,2,25,5,37,14,22,100,1,2,1,37,29,40,0,0,31,273,0,80,95,40,65,100,200,60,8,1,228,38,13,25,99,2,2,61
"2022-07-25T04:20:00Z",2,2,0,0,0,0,4,26,6,44,20,27,99,1,2,1,42,30,13,0,0,33,260,0,80,95,40,65,100,200,60,8,1,228,44,17,30,99,2,2,93
"2022-07-25T04:30:00Z",2,2,0,0,0,0,4,26,6,50,17,32,100,1,2,1,46,36,29,0,0,34,158,0,80,95,40,65,100,200,60,8,1,228,49,17,36,100,2,2,90
"2022-07-25T04:40:00Z",2,2,0,0,0,0,3,26,5,54,15,37,99,1,2,1,34,33,103,0,0,35,239,0,80,95,40,65,100,200,60,8,1,229,54,15,40,99,2,2,83
"2022-07-25T04:50:00Z",2,2,0,0,0,0,2,26,7,56,10,39,99,1,2,1,37,31,16,0,0,35,349,0,80,95,40,65,100,200,60,8,2,229,55,10,42,99,2,2,72
"2022-07-25T05:00:00Z",2,2,0,0,0,0,3,27,5,53,17,43,99,1,2,1,39,34,50,0,0,36,224,0,80,95,40,65,100,200,60,8,1,229,54,15,46,99,2,2,58
"2022-07-25T05:10:00Z",2,2,0,0,0,0,4,27,4,55,20,47,99,1,2,1,41,36,112,0,0,37,147,0,80,95,40,65,100,200,60,8,1,229,56,19,51,99,2,2,86
"2022-07-25T05:20:00Z",2,2,0,0,0,0,4,27,6,53,23,50,99,1,2,1,45,34,21,0,0,38,294,0,80,95,40,65,100,200,60,8,1,229,53,21,53,99,2,2,80
"2022-07-25T05:30:00Z",2,2,0,0,0,0,3,28,5,55,19,55,99,1,2,1,43,38,127,0,0,40,105,0,80,95,40,65,100,200,60,8,1,229,54,19,58,99,2,2,60
"2022-07-25T05:40:00Z",2,2,0,0,0,0,3,28,6,53,20,58,99,1,2,1,36,36,14,0,0,39,319,0,80,95,40,65,100,200,60,8,1,230,53,21,61,100,2,2,81
"2022-07-25T05:50:00Z",2,2,0,0,0,0,2,26,7,54,2,57,100,1,2,1,0,33,14,0,0,38,368,0,80,95,40,65,100,200,60,8,2,230,54,1,61,100,2,2,0
"2022-07-25T06:00:00Z",0,0,0,0,0,0,5,26,7,53,0,58,56,1,0,1,0,32,14,0,0,36,75,0,80,95,40,65,100,200,60,8,0,230,53,1,62,64,0,0,0
"2022-07-25T06:10:00Z",0,0,0,0,0,0,6,26,7,48,0,56,0,1,0,1,0,32,14,0,0,33,12,0,80,95,40,65,100,200,60,8,0,230,48,0,59,0,0,0,0
"2022-07-25T06:20:00Z",0,0,0,0,0,0,6,25,7,44,0,54,0,1,0,1,0,32,14,0,0,32,12,0,80,95,40,65,100,200,60,8,0,230,45,0,57,0,0,0,0
"2022-07-25T06:30:00Z",0,0,0,0,0,0,6,25,7,41,0,52,0,1,0,1,0,32,14,0,0,32,12,0,80,95,40,65,100,200,60,8,0,230,42,0,55,0,0,0,0
"2022-07-25T06:40:00Z",0,0,0,0,0,0,6,25,7,40,0,50,0,1,0,1,0,31,14,0,0,32,12,0,80,95,40,65,100,200,60,8,0,230,41,0,54,0,0,0,0
"2022-07-25T06:50:00Z",1,1,0,0,0,0,3,25,7,39,2,49,79,1,1,1,19,31,15,0,0,32,130,0,80,95,40,65,100,200,60,8,1,230,40,2,53,80,1,1,6
"2022-07-25T07:00:00Z",2,2,0,0,0,0,3,28,5,45,13,52,99,1,2,1,36,33,21,0,0,36,356,0,80,95,40,65,100,200,60,8,1,230,46,13,56,99,2,2,46
"2022-07-25T07:10:00Z",2,2,0,0,0,0,2,29,4,51,12,55,100,1,2,1,37,36,208,0,0,37,174,0,80,95,40,65,100,200,60,8,1,230,51,11,58,100,2,2,69
"2022-07-25T07:20:00Z",2,2,0,0,0,0,2,30,4,54,19,59,100,1,2,1,41,40,73,0,0,39,185,0,80,95,40,65,100,200,60,8,1,230,54,18,62,100,2,2,100
"2022-07-25T07:30:00Z",2,2,0,0,0,0,2,28,7,53,4,60,99,1,2,1,0,35,18,0,0,38,336,0,80,95,40,65,100,200,60,8,2,230,54,4,64,99,2,2,28
"2022-07-25T07:40:00Z",2,2,0,0,0,0,2,27,7,52,53,67,92,1,2,1,0,33,18,0,0,38,361,0,80,95,40,65,100,200,60,8,2,231,52,40,71,93,2,2,0
"2022-07-25T07:50:00Z",2,2,0,0,0,0,1,27,7,52,1,57,91,1,2,1,0,33,18,0,0,38,262,0,80,95,40,65,100,200,60,8,1,231,52,1,61,91,1,1,0
"2022-07-25T08:00:00Z",2,2,0,0,0,0,2,29,7,52,9,58,93,1,2,1,16,34,20,0,0,37,284,0,80,95,40,65,100,200,60,8,2,231,52,8,61,93,2,2,55
"2022-07-25T08:10:00Z",2,2,0,0,0,0,3,28,7,56,12,61,99,1,2,1,28,34,20,0,0,39,309,0,80,95,40,65,100,200,60,8,1,231,56,12,64,99,2,2,54
"2022-07-25T08:20:00Z",2,2,0,0,0,0,2,28,7,52,3,63,100,1,2,1,0,33,19,0,0,39,334,0,80,95,40,65,100,200,60,8,2,231,57,3,66,100,2,2,6
"2022-07-25T08:30:00Z",2,2,0,0,0,0,2,28,7,54,3,65,100,1,2,1,0,33,19,0,0,39,335,0,80,95,40,65,100,200,60,8,2,231,57,3,68,100,2,2,3
"2022-07-25T08:40:00Z",2,2,0,0,0,0,2,30,6,56,7,66,100,1,2,1,0,33,19,0,0,39,248,0,80,95,40,65,100,200,60,8,1,232,56,7,69,100,2,2,17
"2022-07-25T08:50:00Z",2,2,0,0,0,0,2,30,7,53,11,69,99,1,2,1,0,33,19,0,0,39,293,0,80,95,40,65,100,200,60,8,2,232,53,10,68,100,2,2,57
"2022-07-25T09:00:00Z",2,2,0,0,0,0,2,28,5,56,2,70,100,1,2,1,0,34,19,0,0,39,245,0,80,95,40,65,100,200,60,8,1,232,55,2,68,100,2,2,3
"2022-07-25T09:10:00Z",2,2,0,0,0,0,2,28,7,56,2,69,100,1,2,1,0,34,19,0,0,40,262,0,80,95,40,65,100,200,60,8,2,232,56,2,69,99,2,2,2
"2022-07-25T09:20:00Z",2,2,0,0,0,0,2,28,7,55,2,70,100,1,2,1,0,34,19,0,0,40,265,0,80,95,40,65,100,200,60,8,2,232,56,2,69,100,2,2,3
"2022-07-25T09:30:00Z",2,2,0,0,0,0,4,30,7,54,14,66,100,1,2,1,32,35,41,0,0,40,107,0,80,95,40,65,100,200,60,8,1,232,56,15,67,100,2,2,49
"2022-07-25T09:40:00Z",2,2,0,0,0,0,3,30,7,54,12,68,100,1,2,1,25,34,17,0,0,40,382,0,80,95,40,65,100,200,60,8,2,233,53,12,69,100,2,2,80
"2022-07-25T09:50:00Z",2,2,0,0,0,0,3,31,6,54,14,69,100,1,2,1,30,35,38,0,0,40,246,0,80,95,40,65,100,200,60,8,1,233,54,13,66,100,2,2,81
"2022-07-25T10:00:00Z",2,2,0,0,0,0,3,31,7,55,15,65,99,1,2,1,38,35,19,0,0,40,330,0,80,95,40,65,100,200,60,8,2,233,55,15,68,99,2,2,96
"2022-07-25T10:10:00Z",2,2,0,0,0,0,4,31,7,54,14,68,99,1,2,1,33,36,17,0,0,40,366,0,80,95,40,65,100,200,60,8,1,233,53,13,70,99,2,2,79
"2022-07-25T10:20:00Z",2,2,0,0,0,0,2,31,6,54,13,69,100,1,2,1,54,40,29,0,0,41,255,0,80,95,40,65,100,200,60,8,1,233,55,12,65,100,2,2,110
"2022-07-25T10:30:00Z",2,2,0,0,0,0,2,30,5,54,13,66,99,1,2,1,55,46,58,0,0,41,299,0,80,95,41,66,100,200,63,9,2,233,52,10,67,99,2,2,70
"2022-07-25T10:40:00Z",2,2,0,0,0,0,2,30,6,53,14,67,99,1,2,1,55,45,23,0,0,41,316,0,80,95,40,65,100,200,60,8,2,234,54,9,69,100,2,2,107
"2022-07-25T10:50:00Z",2,2,0,0,0,0,2,30,7,55,12,70,100,1,2,1,33,38,36,0,0,40,316,0,80,95,40,65,100,200,60,8,2,234,56,11,69,100,2,2,73
"2022-07-25T11:00:00Z",2,2,0,0,0,0,2,30,6,55,13,63,100,1,2,1,52,39,20,0,0,41,376,0,80,95,40,65,100,200,60,8,2,234,54,12,67,100,2,2,112
"2022-07-25T11:10:00Z",2,2,0,0,0,0,2,30,6,53,10,63,100,1,2,1,50,45,127,0,0,41,247,0,80,95,40,65,100,200,60,8,1,234,54,10,69,99,2,2,81
"2022-07-25T11:20:00Z",2,2,0,0,0,0,2,29,6,54,10,66,99,1,2,1,48,41,23,0,0,41,261,0,80,95,40,65,100,200,60,8,1,234,55,11,67,99,2,2,101
"2022-07-25T11:30:00Z",2,2,0,0,0,0,3,31,5,56,11,70,99,1,2,1,44,42,311,0,0,39,54,0,80,95,40,65,100,200,60,8,0,234,53,10,67,99,2,2,66
"2022-07-25T11:40:00Z",2,2,0,0,0,0,2,29,7,53,1,68,100,1,2,1,0,37,490,0,0,36,15,0,80,95,40,65,100,200,60,8,0,235,53,2,69,100,2,2,0
"2022-07-25T11:50:00Z",2,2,0,0,0,0,2,29,7,54,2,66,100,1,2,1,0,35,490,0,0,35,15,0,80,95,40,65,100,200,60,8,0,235,55,2,69,100,2,2,0
"2022-07-25T12:00:00Z",2,2,0,0,0,0,2,29,7,56,2,68,100,1,2,1,0,35,490,0,0,35,15,0,80,95,40,65,100,200,60,8,0,235,55,2,66,100,2,2,0
"2022-07-25T12:10:00Z",2,2,0,0,0,0,2,29,7,55,2,69,100,1,2,1,0,35,490,0,0,34,15,0,80,95,40,65,100,200,60,8,0,235,56,2,69,100,2,2,0
"2022-07-25T12:20:00Z",1,1,0,0,0,0,5,29,6,51,1,66,88,1,1,1,29,35,207,0,0,34,15,0,80,95,40,65,100,200,60,8,0,235,55,1,69,88,1,1,0
"2022-07-25T12:30:00Z",0,0,0,0,0,0,6,29,7,48,0,65,0,1,0,1,0,34,18,0,0,34,15,0,80,95,40,65,100,200,60,8,0,235,49,0,64,0,0,0,0
"2022-07-25T12:40:00Z",0,0,0,0,0,0,6,29,7,45,0,64,0,1,0,1,0,34,18,0,0,34,15,0,80,95,40,65,100,200,60,8,0,235,45,0,63,0,0,0,0
"2022-07-25T12:50:00Z",0,0,0,0,0,0,6,29,7,43,0,63,0,1,0,1,0,34,18,0,0,34,15,0,80,95,40,65,100,200,60,8,0,235,42,0,61,0,0,0,0
"2022-07-25T13:00:00Z",0,0,0,0,0,0,6,29,7,41,0,62,0,1,0,1,0,34,18,0,0,33,15,0,80,95,40,65,100,200,60,8,0,235,40,0,60,0,0,0,0
"2022-07-25T13:10:00Z",0,0,0,0,0,0,6,29,7,40,0,61,0,1,0,1,0,33,18,0,0,33,15,0,80,95,40,65,100,200,60,8,0,235,38,0,59,0,0,0,0
"2022-07-25T13:20:00Z",0,0,0,0,0,0,6,29,7,39,0,60,0,1,0,1,0,32,18,0,0,32,15,0,80,95,40,65,100,200,60,8,0,235,37,0,58,0,0,0,0
"2022-07-25T13:30:00Z",0,0,0,0,0,0,6,29,7,38,0,59,0,1,0,1,0,32,18,0,0,32,15,0,80,95,40,65,100,200,60,8,0,235,36,0,57,0,0,0,0
"2022-07-25T13:40:00Z",0,0,0,0,0,0,6,29,7,37,0,58,0,1,0,1,0,32,18,0,0,31,15,0,80,95,40,65,100,200,60,8,0,235,35,0,56,0,0,0,0
"2022-07-25T13:50:00Z",0,0,0,0,0,0,6,29,7,37,0,57,0,1,0,1,0,31,18,0,0,31,15,0,80,95,40,65,100,200,60,8,0,235,34,0,55,0,0,0,0
"2022-07-25T14:00:00Z",0,0,0,0,0,0,6,29,7,36,0,57,0,1,0,1,0,31,18,0,0,30,15,0,80,95,40,65,100,200,60,8,0,235,33,0,55,0,0,0,0
"2022-07-25T14:10:00Z",0,0,0,0,0,0,6,29,7,35,0,56,0,1,0,1,0,31,18,0,0,30,15,0,80,95,40,65,100,200,60,8,0,235,33,0,54,0,0,0,0
"2022-07-25T14:20:00Z",0,0,0,0,0,0,6,29,7,35,0,55,0,1,0,1,0,31,18,0,0,30,15,0,80,95,40,65,100,200,60,8,0,235,33,0,53,0,0,0,0
"2022-07-25T14:30:00Z",0,0,0,0,0,0,6,29,7,35,0,54,0,1,0,1,0,31,18,0,0,30,15,0,80,95,40,65,100,200,60,8,0,235,33,0,53,0,0,0,0
"2022-07-25T14:40:00Z",0,0,0,0,0,0,6,29,7,35,0,54,0,1,0,1,0,30,18,0,0,30,15,0,80,95,40,65,100,200,60,8,0,235,34,0,52,0,0,0,0
"2022-07-25T14:50:00Z",0,0,0,0,0,0,6,29,7,34,0,53,0,1,0,1,0,30,18,0,0,30,15,0,80,95,40,65,100,200,60,8,0,235,34,0,52,0,0,0,0
"2022-07-25T15:00:00Z",0,0,0,0,0,0,6,29,7,34,0,53,0,1,0,1,0,30,18,0,0,30,15,0,80,95,40,65,100,200,60,8,0,235,34,0,51,0,0,0,0
"2022-07-25T15:10:00Z",0,0,0,0,0,0,6,29,7,34,0,52,0,1,0,1,0,30,18,0,0,30,15,0,80,95,40,65,100,200,60,8,0,235,34,0,51,0,0,0,0
"2022-07-25T15:20:00Z",0,0,0,0,0,0,6,29,7,34,0,51,0,1,0,1,0,30,18,0,0,30,15,0,80,95,40,65,100,200,60,8,0,235,34,0,50,0,0,0,0
"2022-07-25T15:30:00Z",0,0,0,0,0,0,6,29,7,33,0,51,0,1,0,1,0,30,18,0,0,29,15,0,80,95,40,65,100,200,60,8,0,235,34,0,50,0,0,0,0
"2022-07-25T15:40:00Z",0,0,0,0,0,0,6,29,7,33,0,51,0,1,0,1,0,29,18,0,0,29,15,0,80,95,40,65,100,200,60,8,0,235,34,0,49,0,0,0,0
"2022-07-25T15:50:00Z",0,0,0,0,0,0,6,29,7,33,0,50,0,1,0,1,0,29,18,0,0,29,15,0,80,95,40,65,100,200,60,8,0,235,34,0,49,0,0,0,0
"2022-07-25T16:00:00Z",0,0,0,0,0,0,6,29,7,33,0,49,0,1,0,1,0,29,18,0,0,29,15,0,80,95,40,65,100,200,60,8,0,235,34,0,49,0,0,0,0
"2022-07-25T16:10:00Z",0,0,0,0,0,0,6,29,7,33,0,49,0,1,0,1,0,29,18,0,0,29,15,0,80,95,40,65,100,200,60,8,0,235,34,0,48,0,0,0,0
"2022-07-25T16:20:00Z",0,0,0,0,0,0,6,28,7,33,0,48,0,1,0,1,0,29,18,0,0,29,15,0,80,95,40,65,100,200,60,8,0,235,34,0,48,0,0,0,0
"2022-07-25T16:30:00Z",0,0,0,0,0,0,6,28,7,33,0,48,0,1,0,1,0,29,18,0,0,29,15,0,80,95,40,65,100,200,60,8,0,235,34,0,47,0,0,0,0
"2022-07-25T16:40:00Z",0,0,0,0,0,0,6,28,7,33,0,47,0,1,0,1,0,29,18,0,0,29,15,0,80,95,40,65,100,200,60,8,0,235,34,0,47,0,0,0,0
"2022-07-25T16:50:00Z",0,0,0,0,0,0,6,28,7,33,0,47,0,1,0,1,0,29,18,0,0,29,15,0,80,95,40,65,100,200,60,8,0,235,33,0,47,0,0,0,0
"2022-07-25T17:00:00Z",0,0,0,0,0,0,6,28,7,33,0,47,0,1,0,1,0,29,18,0,0,29,15,0,80,95,40,65,100,200,60,8,0,235,33,0,46,0,0,0,0
"2022-07-25T17:10:00Z",0,0,0,0,0,0,6,28,7,32,0,46,0,1,0,1,0,29,18,0,0,29,15,0,80,95,40,65,100,200,60,8,0,235,33,0,46,0,0,0,0
"2022-07-25T17:20:00Z",0,0,0,0,0,0,6,28,7,32,0,46,0,1,0,1,0,29,18,0,0,29,15,0,80,95,40,65,100,200,60,8,0,235,33,0,45,0,0,0,0
"2022-07-25T17:30:00Z",0,0,0,0,0,0,6,28,7,32,0,45,0,1,0,1,0,29,18,0,0,29,15,0,80,95,40,65,100,200,60,8,0,235,33,0,45,0,0,0,0
"2022-07-25T17:40:00Z",0,0,0,0,0,0,6,27,7,32,0,45,0,1,0,1,0,29,18,0,0,28,15,0,80,95,40,65,100,200,60,8,0,235,33,0,45,0,0,0,0
"2022-07-25T17:50:00Z",0,0,0,0,0,0,6,27,7,32,0,45,0,1,0,1,0,28,18,0,0,28,15,0,80,95,40,65,100,200,60,8,0,235,33,0,44,0,0,0,0
"2022-07-25T18:00:00Z",0,0,0,0,0,0,6,27,7,32,0,44,0,1,0,1,0,28,18,0,0,28,15,0,80,95,40,65,100,200,60,8,0,235,33,0,44,0,0,0,0
"2022-07-25T18:10:00Z",0,0,0,0,0,0,6,27,7,32,0,44,0,1,0,1,0,28,18,0,0,28,15,0,80,95,40,65,100,200,60,8,0,235,33,0,44,0,0,0,0
"2022-07-25T18:20:00Z",0,0,0,0,0,0,6,27,7,32,0,44,0,1,0,1,0,28,18,0,0,28,15,0,80,95,40,65,100,200,60,8,0,235,33,0,43,0,0,0,0
"2022-07-25T18:30:00Z",0,0,0,0,0,0,6,27,7,32,0,43,0,1,0,1,0,28,18,0,0,28,15,0,80,95,40,65,100,200,60,8,0,235,33,0,43,0,0,0,0
"2022-07-25T18:40:00Z",0,0,0,0,0,0,6,27,7,32,0,43,0,1,0,1,0,28,18,0,0,28,15,0,80,95,40,65,100,200,60,8,0,235,33,0,43,0,0,0,0
"2022-07-25T18:50:00Z",0,0,0,0,0,0,6,27,7,32,0,43,0,1,0,1,0,28,18,0,0,28,15,0,80,95,40,65,100,200,60,8,0,235,33,0,43,0,0,0,0
"2022-07-25T19:00:00Z",0,0,0,0,0,0,6,27,7,32,0,42,0,1,0,1,0,28,18,0,0,28,15,0,80,95,40,65,100,200,60,8,0,235,33,0,42,0,0,0,0
"2022-07-25T19:10:00Z",0,0,0,0,0,0,6,27,7,32,0,42,0,1,0,1,0,28,18,0,0,28,15,0,80,95,40,65,100,200,60,8,0,235,33,0,42,0,0,0,0
"2022-07-25T19:20:00Z",0,0,0,0,0,0,6,27,7,32,0,41,0,1,0,1,0,28,18,0,0,28,15,0,80,95,40,65,100,200,60,8,0,235,33,0,41,0,0,0,0
"2022-07-25T19:30:00Z",0,0,0,0,0,0,6,26,7,32,0,41,0,1,0,1,0,28,18,0,0,28,15,0,80,95,40,65,100,200,60,8,0,235,33,0,41,0,0,0,0
"2022-07-25T19:40:00Z",0,0,0,0,0,0,6,26,7,32,0,41,0,1,0,1,0,28,18,0,0,28,15,0,80,95,40,65,100,200,60,8,0,235,33,0,41,0,0,0,0
"2022-07-25T19:50:00Z",0,0,0,0,0,0,6,26,7,31,0,41,0,1,0,1,0,28,18,0,0,28,15,0,80,95,40,65,100,200,60,8,0,235,33,0,41,0,0,0,0
"2022-07-25T20:00:00Z",0,0,0,0,0,0,6,26,7,31,0,40,0,1,0,1,0,28,18,0,0,28,15,0,80,95,40,65,100,200,60,8,0,235,33,0,41,0,0,0,0
"2022-07-25T20:10:00Z",0,0,0,0,0,0,6,26,7,31,0,40,0,1,0,1,0,28,18,0,0,28,15,0,80,95,40,65,100,200,60,8,0,235,32,0,40,0,0,0,0
"2022-07-25T20:20:00Z",0,0,0,0,0,0,6,26,7,31,0,40,0,1,0,1,0,28,18,0,0,28,15,0,80,95,40,65,100,200,60,8,0,235,32,0,40,0,0,0,0
"2022-07-25T20:30:00Z",0,0,0,0,0,0,6,26,7,31,0,40,0,1,0,1,0,28,18,0,0,28,15,0,80,95,40,65,100,200,60,8,0,235,32,0,40,0,0,0,0
"2022-07-25T20:40:00Z",0,0,0,0,0,0,6,26,7,31,0,39,0,1,0,1,0,28,18,0,0,27,15,0,80,95,40,65,100,200,60,8,0,235,32,0,39,0,0,0,0
"2022-07-25T20:50:00Z",0,0,0,0,0,0,6,26,7,31,0,39,0,1,0,1,0,28,18,0,0,27,15,0,80,95,40,65,100,200,60,8,0,235,32,0,39,0,0,0,0
"2022-07-25T21:00:00Z",0,0,0,0,0,0,6,26,7,31,0,39,0,1,0,1,0,28,18,0,0,27,15,0,80,95,40,65,100,200,60,8,0,235,32,0,39,0,0,0,0
"2022-07-25T21:10:00Z",0,0,0,0,0,0,6,26,7,31,0,38,0,1,0,1,0,28,18,0,0,27,15,0,80,95,40,65,100,200,60,8,0,235,32,0,39,0,0,0,0
"2022-07-25T21:20:00Z",0,0,0,0,0,0,6,26,7,31,0,38,0,1,0,1,0,27,18,0,0,27,15,0,80,95,40,65,100,200,60,8,0,235,32,0,38,0,0,0,0
"2022-07-25T21:30:00Z",0,0,0,0,0,0,6,26,7,31,0,38,0,1,0,1,0,27,18,0,0,27,15,0,80,95,40,65,100,200,60,8,0,235,32,0,38,0,0,0,0
"2022-07-25T21:40:00Z",0,0,0,0,0,0,6,26,7,31,0,38,0,1,0,1,0,27,18,0,0,27,15,0,80,95,40,65,100,200,60,8,0,235,32,0,38,0,0,0,0
"2022-07-25T21:50:00Z",0,0,0,0,0,0,6,26,7,31,0,37,0,1,0,1,0,27,18,0,0,27,15,0,80,95,40,65,100,200,60,8,0,235,32,0,38,0,0,0,0
"2022-07-25T22:00:00Z",0,0,0,0,0,0,6,26,7,31,0,37,0,1,0,1,0,27,18,0,0,27,15,0,80,95,40,65,100,200,60,8,0,235,32,0,38,0,0,0,0
"2022-07-25T22:10:00Z",0,0,0,0,0,0,6,26,7,31,0,37,0,1,0,1,0,27,18,0,0,27,15,0,80,95,40,65,100,200,60,8,0,235,32,0,37,0,0,0,0
"2022-07-25T22:20:00Z",0,0,0,0,0,0,6,26,7,31,0,36,0,1,0,1,0,27,18,0,0,27,15,0,80,95,40,65,100,200,60,8,0,235,32,0,37,0,0,0,0
"2022-07-25T22:30:00Z",0,0,0,0,0,0,6,25,7,31,0,36,0,1,0,1,0,27,18,0,0,27,15,0,80,95,40,65,100,200,60,8,0,235,32,0,37,0,0,0,0
"2022-07-25T22:40:00Z",0,0,0,0,0,0,6,25,7,31,0,36,0,1,0,1,0,27,18,0,0,27,15,0,80,95,40,65,100,200,60,8,0,235,32,0,36,0,0,0,0
"2022-07-25T22:50:00Z",0,0,0,0,0,0,6,25,7,31,0,36,0,1,0,1,0,27,18,0,0,27,15,0,80,95,40,65,100,200,60,8,0,235,32,0,36,0,0,0,0
"2022-07-25T23:00:00Z",0,0,0,0,0,0,6,25,7,31,0,36,0,1,0,1,0,27,18,0,0,27,15,0,80,95,40,65,100,200,60,8,0,235,32,0,36,0,0,0,0
"2022-07-25T23:10:00Z",0,0,0,0,0,0,6,25,7,31,0,35,0,1,0,1,0,27,18,0,0,27,15,0,80,95,40,65,100,200,60,8,0,235,32,0,36,0,0,0,0
"2022-07-25T23:20:00Z",0,0,0,0,0,0,6,25,7,31,0,35,0,1,0,1,0,27,18,0,0,27,15,0,80,95,40,65,100,200,60,8,0,235,32,0,36,0,0,0,0
"2022-07-25T23:30:00Z",0,0,0,0,0,0,6,25,7,31,0,35,0,1,0,1,0,27,18,0,0,27,15,0,80,95,40,65,100,200,60,8,0,235,32,0,36,0,0,0,0
"2022-07-25T23:40:00Z",0,0,0,0,0,0,6,25,7,31,0,34,0,1,0,1,0,27,18,0,0,27,15,0,80,95,40,65,100,200,60,8,0,235,32,0,35,0,0,0,0
"2022-07-25T23:50:00Z",0,0,0,0,0,0,6,25,7,31,0,34,0,1,0,1,0,27,18,0,0,27,15,0,80,95,40,65,100,200,60,8,0,235,32,0,35,0,0,0,0
"2022-07-26T00:00:00Z",0,0,0,0,0,0,6,25,7,31,0,34,0,1,0,1,0,27,18,0,0,27,15,0,80,95,40,65,100,200,60,8,0,235,32,0,35,0,0,0,0
"2022-07-26T00:10:00Z",0,0,0,0,0,0,6,24,7,31,0,34,0,1,0,1,0,27,18,0,0,27,15,0,80,95,40,65,100,200,60,8,0,235,32,0,34,0,0,0,0
"2022-07-26T00:20:00Z",0,0,0,0,0,0,6,24,7,31,0,34,0,1,0,1,0,27,18,0,0,27,15,0,80,95,40,65,100,200,60,8,0,235,32,0,34,0,0,0,0
"2022-07-26T00:30:00Z",0,0,0,0,0,0,6,24,7,31,0,33,0,1,0,1,0,27,18,0,0,27,15,0,80,95,40,65,100,200,60,8,0,235,32,0,34,0,0,0,0
"2022-07-26T00:40:00Z",0,0,0,0,0,0,6,24,7,31,0,33,0,1,0,1,0,27,18,0,0,27,15,0,80,95,40,65,100,200,60,8,0,235,32,0,34,0,0,0,0
"2022-07-26T00:50:00Z",0,0,0,0,0,0,6,24,7,31,0,33,0,1,0,1,0,27,18,0,0,27,15,0,80,95,40,65,100,200,60,8,0,235,31,0,34,0,0,0,0
"2022-07-26T01:00:00Z",0,0,0,0,0,0,6,24,7,30,0,33,0,1,0,1,0,27,18,0,0,27,15,0,80,95,40,65,100,200,60,8,0,235,31,0,34,0,0,0,0
"2022-07-26T01:10:00Z",0,0,0,0,0,0,6,24,7,30,0,32,0,1,0,1,0,27,18,0,0,27,15,0,80,95,40,65,100,200,60,8,0,235,31,0,34,0,0,0,0
"2022-07-26T01:20:00Z",0,0,0,0,0,0,6,24,7,30,0,32,0,1,0,1,0,27,18,0,0,27,15,0,80,95,40,65,100,200,60,8,0,235,31,0,33,0,0,0,0
"2022-07-26T01:30:00Z",0,0,0,0,0,0,6,24,7,30,0,32,0,1,0,1,0,27,18,0,0,27,15,0,80,95,40,65,100,200,60,8,0,235,31,0,33,0,0,0,0
"2022-07-26T01:40:00Z",0,0,0,0,0,0,6,23,7,30,0,32,0,1,0,1,0,27,18,0,0,27,15,0,80,95,40,65,100,200,60,8,0,235,31,0,33,0,0,0,0
"2022-07-26T01:50:00Z",0,0,0,0,0,0,6,23,7,30,0,32,0,1,0,1,0,27,18,0,0,27,15,0,80,95,40,65,100,200,60,8,0,235,31,0,33,0,0,0,0
"2022-07-26T02:00:00Z",0,0,0,0,0,0,6,23,7,30,0,31,0,1,0,1,0,27,18,0,0,27,15,0,80,95,40,65,100,200,60,8,0,235,31,0,32,0,0,0,0
"2022-07-26T02:10:00Z",0,0,0,0,0,0,6,23,7,30,0,31,0,1,0,1,0,27,18,0,0,27,15,0,80,95,40,65,100,200,60,8,0,235,31,0,32,0,0,0,0
"2022-07-26T02:20:00Z",0,0,0,0,0,0,6,23,7,30,0,31,0,1,0,1,0,27,18,0,0,27,15,0,80,95,40,65,100,200,60,8,0,235,31,0,32,0,0,0,0
"2022-07-26T02:30:00Z",0,0,0,0,0,0,6,23,7,30,0,31,0,1,0,1,0,27,18,0,0,27,15,0,80,95,40,65,100,200,60,8,0,235,31,0,32,0,0,0,0
"2022-07-26T02:40:00Z",0,0,0,0,0,0,6,23,7,30,0,31,0,1,0,1,0,27,18,0,0,27,15,0,80,95,40,65,100,200,60,8,0,235,31,0,32,0,0,0,0
"2022-07-26T02:50:00Z",0,0,0,0,0,0,6,23,7,30,0,30,0,1,0,1,0,27,18,0,0,26,15,0,80,95,40,65,100,200,60,8,0,235,31,0,32,0,0,0,0
"2022-07-26T03:00:00Z",0,0,0,0,0,0,6,23,7,30,0,30,0,1,0,1,0,27,18,0,0,26,15,0,80,95,40,65,100,200,60,8,0,235,31,0,31,0,0,0,0
"2022-07-26T03:10:00Z",0,0,0,0,0,0,6,23,7,30,0,30,0,1,0,1,0,27,18,0,0,26,15,0,80,95,40,65,100,200,60,8,0,235,31,0,31,0,0,0,0
"2022-07-26T03:20:00Z",0,0,0,0,0,0,6,23,7,30,0,30,0,1,0,1,0,27,18,0,0,26,15,0,80,95,40,65,100,200,60,8,0,235,31,0,31,0,0,0,0
"2022-07-26T03:30:00Z",0,0,0,0,0,0,6,23,7,30,0,30,0,1,0,1,0,26,18,0,0,26,15,0,80,95,40,65,100,200,60,8,0,235,31,0,31,0,0,0,0
"2022-07-26T03:40:00Z",0,0,0,0,0,0,6,22,7,30,0,30,0,1,0,1,0,26,18,0,0,26,15,0,80,95,40,65,100,200,60,8,0,235,31,0,30,0,0,0,0
"2022-07-26T03:50:00Z",0,0,0,0,0,0,6,22,7,30,0,29,0,1,0,1,0,26,18,0,0,26,15,0,80,95,40,65,100,200,60,8,0,235,31,0,30,0,0,0,0
"2022-07-26T04:00:00Z",0,0,0,0,0,0,6,22,7,30,0,29,0,1,0,1,0,26,18,0,0,26,15,0,80,95,40,65,100,200,60,8,0,235,31,0,30,0,0,0,0
"2022-07-26T04:10:00Z",0,0,0,0,0,0,6,22,7,30,0,29,0,1,0,1,0,26,18,0,0,26,15,0,80,95,40,65,100,200,60,8,0,235,30,0,30,0,0,0,0
"2022-07-26T04:20:00Z",0,0,0,0,0,0,6,22,7,30,0,29,0,1,0,1,0,26,18,0,0,26,15,0,80,95,40,65,100,200,60,8,0,235,30,0,30,0,0,0,0
"2022-07-26T04:30:00Z",2,2,0,0,0,0,5,26,7,32,22,30,95,1,2,1,0,26,18,0,0,26,15,0,80,95,40,65,100,200,60,8,0,235,32,22,31,94,2,2,50
"2022-07-26T04:40:00Z",2,2,0,0,0,0,4,23,7,40,15,34,99,1,2,1,0,27,18,0,0,27,15,0,80,95,40,65,100,200,60,8,0,235,40,18,36,100,2,2,92
"2022-07-26T04:50:00Z",2,2,0,0,0,0,5,24,7,47,19,40,99,1,2,1,0,27,18,0,0,27,15,0,80,95,40,65,100,200,60,8,0,236,47,17,41,99,2,2,90
"2022-07-26T05:00:00Z",2,2,0,0,0,0,2,24,1,51,11,42,99,1,2,1,51,30,422,0,0,29,10,0,80,95,40,65,100,200,60,8,1,236,50,10,44,99,2,2,70
"2022-07-26T05:10:00Z",2,2,0,0,0,0,4,24,4,55,18,47,99,1,2,1,47,38,289,0,0,35,12,0,80,95,40,65,100,200,60,8,1,236,54,17,49,99,2,2,95
"2022-07-26T05:20:00Z",2,2,0,0,0,0,3,24,4,55,18,51,100,1,2,1,45,39,227,0,0,37,92,0,80,95,40,65,100,200,60,8,1,236,55,17,52,100,2,2,124
"2022-07-26T05:30:00Z",2,2,0,0,0,0,2,24,5,54,15,53,99,1,2,1,43,37,18,0,0,37,225,0,80,95,40,65,100,200,60,8,1,236,53,12,55,99,2,2,97
"2022-07-26T05:40:00Z",1,1,0,0,0,0,3,25,4,54,14,56,93,1,1,1,44,39,141,0,0,38,125,0,80,95,40,65,100,200,60,8,1,236,54,13,58,94,1,1,65
"2022-07-26T05:50:00Z",0,0,0,0,0,0,6,23,7,48,0,55,0,1,0,1,0,33,20,0,0,33,19,0,80,95,40,65,100,200,60,8,0,236,47,0,57,0,0,0,0
"2022-07-26T06:00:00Z",0,0,0,0,0,0,6,23,7,44,0,53,0,1,0,1,0,31,20,0,0,31,19,0,80,95,40,65,100,200,60,8,0,236,44,0,55,0,0,0,0
"2022-07-26T06:10:00Z",0,0,0,0,0,0,6,22,7,41,0,51,0,1,0,1,0,30,20,0,0,30,19,0,80,95,40,65,100,200,60,8,0,236,41,0,53,0,0,0,0
"2022-07-26T06:20:00Z",0,0,0,0,0,0,6,22,7,39,0,49,0,1,0,1,0,30,20,0,0,30,19,0,80,95,40,65,100,200,60,8,0,236,39,0,51,0,0,0,0
"2022-07-26T06:30:00Z",0,0,0,0,0,0,6,22,7,37,0,48,0,1,0,1,0,30,20,0,0,30,19,0,80,95,40,65,100,200,60,8,0,236,38,0,50,0,0,0,0
"2022-07-26T06:40:00Z",0,0,0,0,0,0,6,22,7,36,0,47,0,1,0,1,0,29,20,0,0,29,19,0,80,95,40,65,100,200,60,8,0,236,37,0,49,0,0,0,0
"2022-07-26T06:50:00Z",0,0,0,0,0,0,6,22,7,35,0,46,0,1,0,1,0,29,20,0,0,29,19,0,80,95,40,65,100,200,60,8,0,236,36,0,47,0,0,0,0
"2022-07-26T07:00:00Z",0,0,0,0,0,0,6,22,7,34,0,45,0,1,0,1,0,29,20,0,0,29,19,0,80,95,40,65,100,200,60,8,0,236,35,0,47,0,0,0,0
"2022-07-26T07:10:00Z",0,0,0,0,0,0,6,22,7,34,0,44,0,1,0,1,0,29,20,0,0,29,19,0,80,95,40,65,100,200,60,8,0,236,35,0,45,0,0,0,0
"2022-07-26T07:20:00Z",0,0,0,0,0,0,6,22,7,33,0,43,0,1,0,1,0,29,20,0,0,28,19,0,80,95,40,65,100,200,60,8,0,236,34,0,45,0,0,0,0
"2022-07-26T07:30:00Z",0,0,0,0,0,0,6,22,7,33,0,42,0,1,0,1,0,28,20,0,0,28,19,0,80,95,40,65,100,200,60,8,0,236,34,0,44,0,0,0,0
"2022-07-28T08:50:00Z",0,0,0,0,0,0,6,20,7,30,2,20,19,1,0,1,8,26,22,0,0,26,20,0,80,95,40,65,100,200,60,8,0,236,31,2,23,18,0,0,6
"2022-07-28T09:00:00Z",2,2,0,0,0,0,2,19,4,42,10,27,100,0,2,1,33,32,118,0,0,31,139,0,80,95,41,66,100,200,67,8,1,237,43,5,30,99,2,2,55
"2022-07-28T09:10:00Z",2,2,0,0,0,0,3,22,4,50,15,37,99,0,2,1,33,35,222,0,0,33,98,0,80,95,40,65,100,200,60,8,1,237,50,15,40,99,2,2,65
"2022-07-28T09:20:00Z",2,2,0,0,0,0,2,22,5,52,14,40,100,0,2,1,35,36,94,0,0,34,238,0,80,95,40,65,100,200,67,8,1,238,53,14,43,100,2,2,92
"2022-07-28T09:50:00Z",2,2,0,0,0,0,4,22,4,54,19,42,99,0,2,1,36,37,101,0,0,35,174,0,80,95,40,65,100,200,70,8,1,238,54,17,45,99,2,2,61
"2022-07-28T10:00:00Z",2,2,0,0,0,0,3,23,5,54,13,46,100,0,2,1,36,38,105,0,0,36,207,0,80,95,40,65,100,200,70,8,1,238,57,12,49,100,2,2,52
"2022-07-28T10:10:00Z",2,2,0,0,0,0,2,23,3,53,14,48,99,0,2,1,32,39,251,0,0,37,69,0,80,95,40,65,100,200,70,8,1,238,54,12,51,100,2,2,55
"2022-07-28T10:20:00Z",2,2,0,0,0,0,3,22,4,56,8,50,100,0,2,1,33,39,82,0,0,38,177,0,80,95,40,65,100,200,70,8,1,238,54,10,53,99,2,2,54
"2022-07-28T10:30:00Z",2,2,0,0,0,0,2,23,4,52,10,52,99,0,2,1,36,40,186,0,0,38,82,0,80,95,40,65,100,200,70,8,1,238,56,11,55,100,2,2,63
"2022-07-28T10:40:00Z",2,2,0,0,0,0,3,24,3,53,18,54,100,0,2,1,29,40,359,0,0,39,12,0,80,95,40,65,100,200,70,8,1,239,54,16,57,100,2,2,76
"2022-07-28T10:50:00Z",2,2,0,0,0,0,2,23,4,55,8,56,100,0,2,1,31,40,150,0,0,39,167,0,80,95,40,65,100,200,70,8,1,239,55,8,60,100,2,2,23
"2022-07-28T11:00:00Z",1,1,0,0,0,0,4,24,4,54,14,59,94,0,1,1,33,41,92,0,0,39,153,0,80,95,41,66,100,200,67,8,1,239,53,13,62,94,1,1,57
"2022-07-28T11:10:00Z",0,0,0,0,0,0,6,22,7,51,0,58,0,0,0,1,0,35,26,0,0,35,9,0,80,95,40,65,100,200,60,8,0,239,50,0,61,0,0,0,0
"2022-07-28T11:20:00Z",0,0,0,0,0,0,6,21,7,47,0,55,0,0,0,1,0,33,26,0,0,33,9,0,80,95,40,65,100,200,60,8,0,239,46,0,58,0,0,0,0
"2022-07-28T11:30:00Z",0,0,0,0,0,0,6,21,7,43,0,53,0,0,0,1,0,32,26,0,0,32,9,0,80,95,40,65,100,200,60,8,0,239,43,0,56,0,0,0,0
"2022-07-28T11:40:00Z",0,0,0,0,0,0,6,21,7,41,0,51,0,0,0,1,0,32,26,0,0,32,9,0,80,95,40,65,100,200,60,8,0,239,42,0,54,0,0,0,0
"2022-07-28T11:50:00Z",0,0,0,0,0,0,6,21,7,39,0,50,0,0,0,1,0,32,26,0,0,32,9,0,80,95,40,65,100,200,60,8,0,239,40,0,53,0,0,0,0
"2022-07-28T12:00:00Z",0,0,0,0,0,0,6,21,7,38,0,48,0,0,0,1,0,31,26,0,0,32,9,0,80,95,40,65,100,200,60,8,0,239,39,0,51,0,0,0,0
"2022-07-28T12:10:00Z",0,0,0,0,0,0,6,21,7,37,0,47,0,0,0,1,0,31,26,0,0,31,9,0,80,95,40,65,100,200,60,8,0,239,38,0,50,0,0,0,0
"2022-07-28T12:20:00Z",0,0,0,0,0,0,6,21,7,36,0,46,0,0,0,1,0,31,26,0,0,31,9,0,80,95,40,65,100,200,60,8,0,239,37,0,49,0,0,0,0
"2022-07-28T12:30:00Z",0,0,0,0,0,0,6,21,7,35,0,45,0,0,0,1,0,30,26,0,0,30,9,0,80,95,40,65,100,200,60,8,0,239,37,0,47,0,0,0,0
"2022-07-28T12:40:00Z",0,0,0,0,0,0,6,21,7,35,0,44,0,0,0,1,0,30,26,0,0,30,9,0,80,95,40,65,100,200,60,8,0,239,36,0,47,0,0,0,0
"2022-07-28T12:50:00Z",0,0,0,0,0,0,6,21,7,34,0,43,0,0,0,1,0,30,26,0,0,30,9,0,80,95,40,65,100,200,60,8,0,239,36,0,45,0,0,0,0
"2022-07-28T13:00:00Z",0,0,0,0,0,0,6,21,7,34,0,42,0,0,0,1,0,30,26,0,0,30,9,0,80,95,40,65,100,200,60,8,0,239,35,0,45,0,0,0,0
"2022-07-28T13:10:00Z",0,0,0,0,0,0,6,22,7,34,0,41,0,0,0,1,0,29,26,0,0,29,9,0,80,95,40,65,100,200,60,8,0,239,35,0,44,0,0,0,0
"2022-07-28T13:20:00Z",0,0,0,0,0,0,6,22,7,33,0,41,0,0,0,1,0,29,26,0,0,29,9,0,80,95,40,65,100,200,60,8,0,239,35,0,43,0,0,0,0
"2022-07-28T13:30:00Z",0,0,0,0,0,0,6,22,7,33,0,40,0,0,0,1,0,29,26,0,0,29,9,0,80,95,40,65,100,200,60,8,0,239,35,0,42,0,0,0,0
"2022-07-28T13:40:00Z",0,0,0,0,0,0,6,22,7,33,0,40,0,0,0,1,0,29,26,0,0,29,9,0,80,95,40,65,100,200,60,8,0,239,34,0,42,0,0,0,0
"2022-07-28T13:50:00Z",0,0,0,0,0,0,6,22,7,33,0,39,0,0,0,1,0,29,26,0,0,29,9,0,80,95,40,65,100,200,60,8,0,239,34,0,41,0,0,0,0
"2022-07-28T14:00:00Z",0,0,0,0,0,0,6,22,7,33,0,38,0,0,0,1,0,29,26,0,0,29,9,0,80,95,40,65,100,200,60,8,0,239,34,0,41,0,0,0,0
"2022-07-28T14:10:00Z",0,0,0,0,0,0,6,22,7,33,0,38,0,0,0,1,0,29,26,0,0,29,9,0,80,95,40,65,100,200,60,8,0,239,34,0,40,0,0,0,0
"2022-07-28T14:20:00Z",0,0,0,0,0,0,6,22,7,33,0,37,0,0,0,1,0,29,26,0,0,29,9,0,80,95,40,65,100,200,60,8,0,239,34,0,40,0,0,0,0
"2022-07-28T14:30:00Z",0,0,0,0,0,0,6,22,7,32,0,37,0,0,0,1,0,29,26,0,0,29,9,0,80,95,40,65,100,200,60,8,0,239,33,0,39,0,0,0,0
"2022-07-28T14:40:00Z",0,0,0,0,0,0,6,22,7,32,0,36,0,0,0,1,0,29,26,0,0,29,9,0,80,95,40,65,100,200,60,8,0,239,33,0,39,0,0,0,0
"2022-07-28T14:50:00Z",0,0,0,0,0,0,6,22,7,32,0,36,0,0,0,1,0,29,26,0,0,29,9,0,80,95,40,65,100,200,60,8,0,239,33,0,38,0,0,0,0
"2022-07-28T15:00:00Z",0,0,0,0,0,0,6,22,7,32,0,35,0,0,0,1,0,28,26,0,0,28,9,0,80,95,40,65,100,200,60,8,0,239,33,0,38,0,0,0,0
"2022-07-28T15:10:00Z",0,0,0,0,0,0,6,22,7,32,0,35,0,0,0,1,0,28,26,0,0,28,9,0,80,95,40,65,100,200,60,8,0,239,33,0,38,0,0,0,0
"2022-07-28T15:20:00Z",0,0,0,0,0,0,6,22,7,32,0,34,0,0,0,1,0,28,26,0,0,28,9,0,80,95,40,65,100,200,60,8,0,239,33,0,37,0,0,0,0
"2022-07-28T15:30:00Z",0,0,0,0,0,0,6,22,7,32,0,34,0,0,0,1,0,28,26,0,0,28,9,0,80,95,40,65,100,200,60,8,0,239,33,0,37,0,0,0,0
"2022-07-28T15:40:00Z",0,0,0,0,0,0,6,23,7,32,0,34,0,0,0,1,0,28,26,0,0,28,9,0,80,95,40,65,100,200,60,8,0,239,33,0,36,0,0,0,0
"2022-07-28T15:50:00Z",0,0,0,0,0,0,6,23,7,32,0,34,0,0,0,1,0,28,26,0,0,28,9,0,80,95,40,65,100,200,60,8,0,239,33,0,36,0,0,0,0
"2022-07-28T16:00:00Z",0,0,0,0,0,0,6,23,7,31,0,33,0,0,0,1,0,28,26,0,0,28,9,0,80,95,40,65,100,200,60,8,0,239,33,0,36,0,0,0,0
"2022-07-28T16:10:00Z",0,0,0,0,0,0,6,23,7,31,0,33,0,0,0,1,0,28,26,0,0,28,9,0,80,95,40,65,100,200,60,8,0,239,33,0,36,0,0,0,0
"2022-07-28T16:20:00Z",0,0,0,0,0,0,6,23,7,31,0,32,0,0,0,1,0,28,26,0,0,28,9,0,80,95,40,65,100,200,60,8,0,239,32,0,35,0,0,0,0
"2022-07-28T16:30:00Z",0,0,0,0,0,0,6,23,7,31,0,32,0,0,0,1,0,28,26,0,0,28,9,0,80,95,40,65,100,200,60,8,0,239,32,0,35,0,0,0,0
"2022-07-28T16:40:00Z",0,0,0,0,0,0,6,23,7,31,0,32,0,0,0,1,0,28,26,0,0,28,9,0,80,95,40,65,100,200,60,8,0,239,32,0,35,0,0,0,0
"2022-07-28T16:50:00Z",0,0,0,0,0,0,6,23,7,31,0,32,0,0,0,1,0,28,26,0,0,28,9,0,80,95,40,65,100,200,60,8,0,239,32,0,34,0,0,0,0
"2022-07-28T17:00:00Z",0,0,0,0,0,0,6,23,7,31,0,32,0,0,0,1,0,28,26,0,0,28,9,0,80,95,40,65,100,200,60,8,0,239,32,0,34,0,0,0,0
"2022-07-28T17:10:00Z",0,0,0,0,0,0,6,23,7,31,0,31,0,0,0,1,0,28,26,0,0,28,9,0,80,95,40,65,100,200,60,8,0,239,32,0,34,0,0,0,0
"2022-07-28T17:20:00Z",0,0,0,0,0,0,6,23,7,31,0,31,0,0,0,1,0,28,26,0,0,27,9,0,80,95,40,65,100,200,60,8,0,239,32,0,34,0,0,0,0
"2022-07-28T17:30:00Z",0,0,0,0,0,0,6,23,7,31,0,31,0,0,0,1,0,27,26,0,0,27,9,0,80,95,40,65,100,200,60,8,0,239,32,0,33,0,0,0,0
"2022-07-28T17:40:00Z",0,0,0,0,0,0,6,23,7,31,0,30,0,0,0,1,0,28,26,0,0,27,9,0,80,95,40,65,100,200,60,8,0,239,32,0,33,0,0,0,0
"2022-07-28T17:50:00Z",0,0,0,0,0,0,6,23,7,31,0,30,0,0,0,1,0,27,26,0,0,27,9,0,80,95,40,65,100,200,60,8,0,239,32,0,33,0,0,0,0
"2022-07-28T18:00:00Z",0,0,0,0,0,0,6,23,7,31,0,30,0,0,0,1,0,27,26,0,0,27,9,0,80,95,40,65,100,200,60,8,0,239,32,0,33,0,0,0,0
"2022-07-28T18:10:00Z",0,0,0,0,0,0,6,23,7,31,0,30,0,0,0,1,0,27,26,0,0,27,9,0,80,95,40,65,100,200,60,8,0,239,32,0,32,0,0,0,0
"2022-07-28T18:20:00Z",0,0,0,0,0,0,6,23,7,31,0,30,0,0,0,1,0,27,26,0,0,27,9,0,80,95,40,65,100,200,60,8,0,239,32,0,32,0,0,0,0
"2022-07-28T18:30:00Z",0,0,0,0,0,0,6,23,7,31,0,29,0,0,0,1,0,27,26,0,0,27,9,0,80,95,40,65,100,200,60,8,0,239,32,0,32,0,0,0,0
"2022-07-28T18:40:00Z",0,0,0,0,0,0,6,23,7,31,0,29,0,0,0,1,0,27,26,0,0,27,9,0,80,95,40,65,100,200,60,8,0,239,32,0,32,0,0,0,0
"2022-07-28T18:50:00Z",0,0,0,0,0,0,6,23,7,31,0,29,0,0,0,1,0,27,26,0,0,27,9,0,80,95,40,65,100,200,60,8,0,239,32,0,32,0,0,0,0
"2022-07-28T19:00:00Z",0,0,0,0,0,0,6,23,7,31,0,29,0,0,0,1,0,27,26,0,0,27,9,0,80,95,40,65,100,200,60,8,0,239,32,0,32,0,0,0,0
"2022-07-28T19:10:00Z",0,0,0,0,0,0,6,23,7,31,0,29,0,0,0,1,0,27,26,0,0,27,9,0,80,95,40,65,100,200,60,8,0,239,32,0,31,0,0,0,0
"2022-07-28T19:20:00Z",0,0,0,0,0,0,6,23,7,31,0,28,0,0,0,1,0,27,26,0,0,27,9,0,80,95,40,65,100,200,60,8,0,239,32,0,31,0,0,0,0
"2022-07-28T19:30:00Z",0,0,0,0,0,0,6,23,7,31,0,28,0,0,0,1,0,27,26,0,0,27,9,0,80,95,40,65,100,200,60,8,0,239,32,0,31,0,0,0,0
"2022-07-28T19:40:00Z",0,0,0,0,0,0,6,23,7,31,0,28,0,0,0,1,0,27,26,0,0,27,9,0,80,95,40,65,100,200,60,8,0,239,32,0,31,0,0,0,0
"2022-07-28T19:50:00Z",0,0,0,0,0,0,6,22,7,31,0,28,0,0,0,1,0,27,26,0,0,27,9,0,80,95,40,65,100,200,60,8,0,239,32,0,30,0,0,0,0
"2022-07-28T20:00:00Z",0,0,0,0,0,0,6,22,7,31,0,28,0,0,0,1,0,27,26,0,0,27,9,0,80,95,40,65,100,200,60,8,0,239,32,0,30,0,0,0,0
"2022-07-28T20:10:00Z",0,0,0,0,0,0,6,22,7,31,0,28,0,0,0,1,0,27,26,0,0,27,9,0,80,95,40,65,100,200,60,8,0,239,32,0,30,0,0,0,0
"2022-07-28T20:20:00Z",0,0,0,0,0,0,6,22,7,31,0,27,0,0,0,1,0,27,26,0,0,27,9,0,80,95,40,65,100,200,60,8,0,239,31,0,30,0,0,0,0
"2022-07-28T20:30:00Z",0,0,0,0,0,0,6,22,7,31,0,27,0,0,0,1,0,27,26,0,0,27,9,0,80,95,40,65,100,200,60,8,0,239,31,0,30,0,0,0,0
"2022-07-28T20:40:00Z",0,0,0,0,0,0,6,22,7,30,0,27,0,0,0,1,0,27,26,0,0,27,9,0,80,95,40,65,100,200,60,8,0,239,31,0,30,0,0,0,0
"2022-07-28T20:50:00Z",0,0,0,0,0,0,6,22,7,30,0,27,0,0,0,1,0,27,26,0,0,27,9,0,80,95,40,65,100,200,60,8,0,239,31,0,30,0,0,0,0
"2022-07-29T11:20:00Z",0,0,0,0,0,0,0,0,0,0,0,0,0,0,0,0,0,0,0,0,0,0,0,0,0,0,0,0,0,0,0,0,0,0,0,0,0,0,0,0,0
"2022-07-29T11:30:00Z",0,0,0,0,0,0,0,0,0,0,0,0,0,0,0,0,0,0,0,0,0,0,0,0,0,0,0,0,0,0,0,0,0,0,0,0,0,0,0,0,0
"2022-07-29T11:40:00Z",0,0,0,0,0,0,0,0,0,0,0,0,0,0,0,0,0,0,0,0,0,0,0,0,0,0,0,0,0,0,0,0,0,0,0,0,0,0,0,0,0
"2022-07-29T11:50:00Z",0,0,0,0,0,0,0,0,0,0,0,0,0,0,0,0,0,0,0,0,0,0,0,0,0,0,0,0,0,0,0,0,0,0,0,0,0,0,0,0,0
"2022-07-29T12:00:00Z",0,0,0,0,0,0,0,0,0,0,0,0,0,0,0,0,0,0,0,0,0,0,0,0,0,0,0,0,0,0,0,0,0,0,0,0,0,0,0,0,0
"2022-07-29T12:10:00Z",0,0,0,0,0,0,0,0,0,0,0,0,0,0,0,0,0,0,0,0,0,0,0,0,0,0,0,0,0,0,0,0,0,0,0,0,0,0,0,0,0
"2022-07-29T12:20:00Z",0,0,0,0,0,0,0,0,0,0,0,0,0,0,0,0,0,0,0,0,0,0,0,0,0,0,0,0,0,0,0,0,0,0,0,0,0,0,0,0,0
"2022-07-29T12:30:00Z",0,0,0,0,0,0,0,0,0,0,0,0,0,0,0,0,0,0,0,0,0,0,0,0,0,0,0,0,0,0,0,0,0,0,0,0,0,0,0,0,0
"2022-07-29T12:40:00Z",0,0,0,0,0,0,0,0,0,0,0,0,0,0,0,0,0,0,0,0,0,0,0,0,0,0,0,0,0,0,0,0,0,0,0,0,0,0,0,0,0
"2022-07-29T12:50:00Z",0,0,0,0,0,0,0,0,0,0,0,0,0,0,0,0,0,0,0,0,0,0,0,0,0,0,0,0,0,0,0,0,0,0,0,0,0,0,0,0,0
"2022-07-29T13:00:00Z",0,0,0,0,0,0,0,0,0,0,0,0,0,0,0,0,0,0,0,0,0,0,0,0,0,0,0,0,0,0,0,0,0,0,0,0,0,0,0,0,0
"2022-07-29T13:10:00Z",0,0,0,0,0,0,0,0,0,0,0,0,0,0,0,0,0,0,0,0,0,0,0,0,0,0,0,0,0,0,0,0,0,0,0,0,0,0,0,0,0
"2022-07-29T13:20:00Z",0,0,0,0,0,0,0,0,0,0,0,0,0,0,0,0,0,0,0,0,0,0,0,0,0,0,0,0,0,0,0,0,0,0,0,0,0,0,0,0,0
"2022-07-29T13:30:00Z",0,0,0,0,0,0,0,0,0,0,0,0,0,0,0,0,0,0,0,0,0,0,0,0,0,0,0,0,0,0,0,0,0,0,0,0,0,0,0,0,0
"2022-07-29T13:40:00Z",0,0,0,0,0,0,0,0,0,0,0,0,0,0,0,0,0,0,0,0,0,0,0,0,0,0,0,0,0,0,0,0,0,0,0,0,0,0,0,0,0
"2022-07-29T13:50:00Z",0,0,0,0,0,0,0,0,0,0,0,0,0,0,0,0,0,0,0,0,0,0,0,0,0,0,0,0,0,0,0,0,0,0,0,0,0,0,0,0,0
"2022-07-29T14:00:00Z",0,0,0,0,0,0,0,0,0,0,0,0,0,0,0,0,0,0,0,0,0,0,0,0,0,0,0,0,0,0,0,0,0,0,0,0,0,0,0,0,0
"2022-07-29T14:10:00Z",0,0,0,0,0,0,0,0,0,0,0,0,0,0,0,0,0,0,0,0,0,0,0,0,0,0,0,0,0,0,0,0,0,0,0,0,0,0,0,0,0
"2022-07-29T14:20:00Z",0,0,0,0,0,0,0,0,0,0,0,0,0,0,0,0,0,0,0,0,0,0,0,0,0,0,0,0,0,0,0,0,0,0,0,0,0,0,0,0,0
"2022-07-29T14:30:00Z",0,0,0,0,0,0,0,0,0,0,0,0,0,0,0,0,0,0,0,0,0,0,0,0,0,0,0,0,0,0,0,0,0,0,0,0,0,0,0,0,0
"2022-07-29T14:40:00Z",0,0,0,0,0,0,0,0,0,0,0,0,0,0,0,0,0,0,0,0,0,0,0,0,0,0,0,0,0,0,0,0,0,0,0,0,0,0,0,0,0
"2022-07-29T14:50:00Z",0,0,0,0,0,0,0,0,0,0,0,0,0,0,0,0,0,0,0,0,0,0,0,0,0,0,0,0,0,0,0,0,0,0,0,0,0,0,0,0,0
"2022-07-29T15:00:00Z",0,0,0,0,0,0,0,0,0,0,0,0,0,0,0,0,0,0,0,0,0,0,0,0,0,0,0,0,0,0,0,0,0,0,0,0,0,0,0,0,0
"2022-07-29T15:10:00Z",0,0,0,0,0,0,0,0,0,0,0,0,0,0,0,0,0,0,0,0,0,0,0,0,0,0,0,0,0,0,0,0,0,0,0,0,0,0,0,0,0
"2022-07-29T15:20:00Z",0,0,0,0,0,0,0,0,0,0,0,0,0,0,0,0,0,0,0,0,0,0,0,0,0,0,0,0,0,0,0,0,0,0,0,0,0,0,0,0,0
"2022-07-29T15:30:00Z",0,0,0,0,0,0,0,0,0,0,0,0,0,0,0,0,0,0,0,0,0,0,0,0,0,0,0,0,0,0,0,0,0,0,0,0,0,0,0,0,0
"2022-08-01T06:40:00Z",2,2,0,0,0,0,3,24,4,45,18,37,89,0,2,1,35,31,185,0,0,32,14,0,80,95,40,65,100,200,60,8,1,245,45,17,40,89,2,2,61
"2022-08-01T06:50:00Z",2,2,0,0,0,0,3,25,4,50,18,41,99,0,2,1,38,36,72,0,0,36,309,0,80,95,40,65,100,200,60,8,1,245,50,16,44,99,2,2,71
"2022-08-01T07:00:00Z",2,2,0,0,0,0,4,25,4,55,22,45,99,0,2,1,37,39,204,0,0,39,76,0,80,95,40,65,100,200,60,8,1,246,55,21,48,99,2,2,120
"2022-08-01T07:10:00Z",1,1,0,0,0,0,4,24,6,48,3,46,73,0,1,1,37,36,99,0,0,35,16,0,80,95,40,65,100,200,60,8,0,246,49,2,49,74,0,0,31
"2022-08-01T07:20:00Z",0,0,0,0,0,0,6,23,7,43,0,43,0,0,0,1,0,32,32,0,0,32,18,0,80,95,40,65,100,200,60,8,0,246,44,0,46,0,0,0,0
"2022-08-01T07:30:00Z",0,0,0,0,0,0,6,22,7,40,0,42,0,0,0,1,0,31,32,0,0,31,18,0,80,95,40,65,100,200,60,8,0,246,41,0,45,0,0,0,0
"2022-08-01T07:30:00Z",0,0,0,0,0,0,0,0,0,0,0,0,0,0,0,0,0,0,0,0,0,0,0,0,0,0,0,0,0,0,0,0,0,0,0,0,0,0,0,0,0
"2022-08-01T07:40:00Z",0,0,0,0,0,0,6,22,7,37,0,40,0,0,0,1,0,30,32,0,0,30,18,0,80,95,40,65,100,200,60,8,0,246,38,0,42,0,0,0,0
"2022-08-01T07:40:00Z",0,0,0,0,0,0,0,0,0,0,0,0,0,0,0,0,0,0,0,0,0,0,0,0,0,0,0,0,0,0,0,0,0,0,0,0,0,0,0,0,0
"2022-08-01T07:50:00Z",0,0,0,0,0,0,0,0,0,0,0,0,0,0,0,0,0,0,0,0,0,0,0,0,0,0,0,0,0,0,0,0,0,0,0,0,0,0,0,0,0
"2022-08-01T07:50:00Z",1,1,0,0,0,0,4,22,7,36,1,38,52,0,1,1,18,30,29,0,0,30,77,0,80,95,40,65,100,200,60,8,1,246,37,1,41,57,1,1,3
"2022-08-01T08:00:00Z",2,2,0,0,0,0,4,25,5,42,21,42,99,0,2,1,36,35,72,0,0,35,159,0,80,95,40,65,100,200,60,8,1,246,43,20,45,100,2,2,96
"2022-08-01T08:00:00Z",0,0,0,0,0,0,0,0,0,0,0,0,0,0,0,0,0,0,0,0,0,0,0,0,0,0,0,0,0,0,0,0,0,0,0,0,0,0,0,0,0
"2022-08-01T08:10:00Z",0,0,0,0,0,0,0,0,0,0,0,0,0,0,0,0,0,0,0,0,0,0,0,0,0,0,0,0,0,0,0,0,0,0,0,0,0,0,0,0,0
"2022-08-01T08:10:00Z",2,2,0,0,0,0,5,26,4,50,22,47,100,0,2,1,41,38,52,0,0,38,90,0,80,95,40,65,100,200,60,8,1,246,50,21,50,100,2,2,105
"2022-08-01T08:20:00Z",0,0,0,0,0,0,0,0,0,0,0,0,0,0,0,0,0,0,0,0,0,0,0,0,0,0,0,0,0,0,0,0,0,0,0,0,0,0,0,0,0
"2022-08-01T08:20:00Z",2,2,0,0,0,0,3,26,4,55,16,50,99,0,2,1,35,38,96,0,0,38,163,0,80,95,40,65,100,200,60,8,1,246,55,15,53,99,2,2,60
"2022-08-01T08:30:00Z",2,2,0,0,0,0,5,28,5,55,23,54,99,0,2,1,41,40,88,0,0,40,74,0,80,95,40,65,100,200,60,8,1,246,55,22,57,99,2,2,91
"2022-08-01T08:30:00Z",0,0,0,0,0,0,0,0,0,0,0,0,0,0,0,0,0,0,0,0,0,0,0,0,0,0,0,0,0,0,0,0,0,0,0,0,0,0,0,0,0
"2022-08-01T08:40:00Z",0,0,0,0,0,0,0,0,0,0,0,0,0,0,0,0,0,0,0,0,0,0,0,0,0,0,0,0,0,0,0,0,0,0,0,0,0,0,0,0,0
"2022-08-01T08:40:00Z",2,2,0,0,0,0,4,27,4,54,17,57,99,0,2,1,38,41,220,0,0,40,31,0,80,95,40,65,100,200,60,8,1,247,54,16,61,99,2,2,66
"2022-08-01T08:50:00Z",2,2,0,0,0,0,5,28,4,55,23,60,99,0,2,1,38,41,100,0,0,41,91,0,80,95,40,65,100,200,60,8,1,247,54,20,63,100,2,2,91
"2022-08-01T08:50:00Z",0,0,0,0,0,0,0,0,0,0,0,0,0,0,0,0,0,0,0,0,0,0,0,0,0,0,0,0,0,0,0,0,0,0,0,0,0,0,0,0,0
"2022-08-01T09:00:00Z",0,0,0,0,0,0,0,0,0,0,0,0,0,0,0,0,0,0,0,0,0,0,0,0,0,0,0,0,0,0,0,0,0,0,0,0,0,0,0,0,0
"2022-08-01T09:00:00Z",1,1,0,0,0,0,4,27,4,52,13,62,88,0,1,1,33,40,119,0,0,40,88,0,80,95,40,65,100,200,60,8,1,247,52,13,65,89,1,1,74
"2022-08-01T09:10:00Z",0,0,0,0,0,0,6,26,7,48,0,59,0,0,0,1,0,35,17,0,0,35,12,0,80,95,40,65,100,200,60,8,0,247,48,0,63,0,0,0,0
"2022-08-01T09:10:00Z",0,0,0,0,0,0,0,0,0,0,0,0,0,0,0,0,0,0,0,0,0,0,0,0,0,0,0,0,0,0,0,0,0,0,0,0,0,0,0,0,0
"2022-08-01T09:20:00Z",0,0,0,0,0,0,6,25,7,44,0,57,0,0,0,1,0,33,17,0,0,33,12,0,80,95,40,65,100,200,60,8,0,247,45,0,60,0,0,0,0
"2022-08-01T09:20:00Z",0,0,0,0,0,0,0,0,0,0,0,0,0,0,0,0,0,0,0,0,0,0,0,0,0,0,0,0,0,0,0,0,0,0,0,0,0,0,0,0,0
"2022-08-01T09:30:00Z",0,0,0,0,0,0,6,25,7,42,0,55,0,0,0,1,0,32,17,0,0,32,12,0,80,95,40,65,100,200,60,8,0,247,43,0,58,0,0,0,0
"2022-08-01T09:30:00Z",0,0,0,0,0,0,0,0,0,0,0,0,0,0,0,0,0,0,0,0,0,0,0,0,0,0,0,0,0,0,0,0,0,0,0,0,0,0,0,0,0
"2022-08-01T09:40:00Z",0,0,0,0,0,0,0,0,0,0,0,0,0,0,0,0,0,0,0,0,0,0,0,0,0,0,0,0,0,0,0,0,0,0,0,0,0,0,0,0,0
"2022-08-01T09:40:00Z",0,0,0,0,0,0,6,25,7,40,0,53,0,0,0,1,0,32,17,0,0,32,12,0,80,95,40,65,100,200,60,8,0,247,41,0,57,0,0,0,0
"2022-08-01T09:50:00Z",0,0,0,0,0,0,6,25,7,39,0,52,0,0,0,1,0,32,17,0,0,32,12,0,80,95,40,65,100,200,60,8,0,247,40,0,55,0,0,0,0
"2022-08-01T09:50:00Z",0,0,0,0,0,0,0,0,0,0,0,0,0,0,0,0,0,0,0,0,0,0,0,0,0,0,0,0,0,0,0,0,0,0,0,0,0,0,0,0,0
"2022-08-01T10:00:00Z",1,1,0,0,0,0,5,26,5,40,27,53,92,0,1,1,42,34,96,0,0,34,74,0,80,95,40,65,100,200,60,8,1,247,41,26,56,92,1,1,106
"2022-08-01T10:00:00Z",0,0,0,0,0,0,0,0,0,0,0,0,0,0,0,0,0,0,0,0,0,0,0,0,0,0,0,0,0,0,0,0,0,0,0,0,0,0,0,0,0
"2022-08-01T10:10:00Z",0,0,0,0,0,0,0,0,0,0,0,0,0,0,0,0,0,0,0,0,0,0,0,0,0,0,0,0,0,0,0,0,0,0,0,0,0,0,0,0,0
"2022-08-01T10:10:00Z",2,2,0,0,0,0,2,27,6,48,13,56,99,0,2,1,33,36,15,0,0,37,209,0,80,95,40,65,100,200,60,8,2,247,49,12,59,99,2,2,59
"2022-08-01T10:20:00Z",0,0,0,0,0,0,0,0,0,0,0,0,0,0,0,0,0,0,0,0,0,0,0,0,0,0,0,0,0,0,0,0,0,0,0,0,0,0,0,0,0
"2022-08-01T10:20:00Z",2,2,0,0,0,0,3,28,5,53,23,60,99,0,2,1,34,35,96,0,0,38,245,0,80,95,40,65,100,200,60,8,1,247,54,21,62,99,2,2,80
"2022-08-01T10:30:00Z",2,2,0,0,0,0,3,30,5,54,20,64,100,0,2,1,40,38,65,0,0,40,213,0,80,95,40,65,100,200,60,8,1,247,54,20,67,100,2,2,69
"2022-08-01T10:30:00Z",0,0,0,0,0,0,0,0,0,0,0,0,0,0,0,0,0,0,0,0,0,0,0,0,0,0,0,0,0,0,0,0,0,0,0,0,0,0,0,0,0
"2022-08-01T10:40:00Z",2,2,0,0,0,0,3,28,7,57,15,66,99,0,2,1,43,37,19,0,0,39,306,0,80,95,40,65,100,200,60,8,2,248,57,14,69,99,2,2,60
"2022-08-01T10:40:00Z",0,0,0,0,0,0,0,0,0,0,0,0,0,0,0,0,0,0,0,0,0,0,0,0,0,0,0,0,0,0,0,0,0,0,0,0,0,0,0,0,0
"2022-08-01T10:50:00Z",0,0,0,0,0,0,0,0,0,0,0,0,0,0,0,0,0,0,0,0,0,0,0,0,0,0,0,0,0,0,0,0,0,0,0,0,0,0,0,0,0
"2022-08-01T10:50:00Z",2,2,0,0,0,0,4,29,5,53,22,68,99,0,2,1,39,35,60,0,0,39,177,0,80,95,40,65,100,200,60,8,1,248,55,22,70,100,2,2,95
"2022-08-01T11:00:00Z",0,0,0,0,0,0,0,0,0,0,0,0,0,0,0,0,0,0,0,0,0,0,0,0,0,0,0,0,0,0,0,0,0,0,0,0,0,0,0,0,0
"2022-08-01T11:00:00Z",2,2,0,0,0,0,4,30,5,54,20,66,99,0,2,1,39,39,15,0,0,41,216,0,80,95,40,65,100,200,60,8,1,248,55,19,65,99,2,2,77
"2022-08-01T11:10:00Z",2,2,0,0,0,0,4,31,5,54,18,64,96,0,2,1,44,40,49,0,0,41,234,0,80,95,41,66,100,200,62,8,1,248,54,17,66,96,2,2,63
"2022-08-01T11:10:00Z",0,0,0,0,0,0,0,0,0,0,0,0,0,0,0,0,0,0,0,0,0,0,0,0,0,0,0,0,0,0,0,0,0,0,0,0,0,0,0,0,0
"2022-08-01T11:20:00Z",0,0,0,0,0,0,6,28,7,51,0,64,0,0,0,1,0,37,22,0,0,37,17,0,80,95,45,70,100,200,70,10,0,248,53,0,66,0,0,0,0
"2022-08-01T11:20:00Z",0,0,0,0,0,0,0,0,0,0,0,0,0,0,0,0,0,0,0,0,0,0,0,0,0,0,0,0,0,0,0,0,0,0,0,0,0,0,0,0,0
"2022-08-01T11:30:00Z",0,0,0,0,0,0,6,28,7,46,0,62,0,0,0,1,0,34,22,0,0,34,17,0,80,95,45,70,100,200,70,10,0,248,47,0,63,0,0,0,0
"2022-08-01T11:30:00Z",0,0,0,0,0,0,0,0,0,0,0,0,0,0,0,0,0,0,0,0,0,0,0,0,0,0,0,0,0,0,0,0,0,0,0,0,0,0,0,0,0
"2022-08-01T11:40:00Z",0,0,0,0,0,0,0,0,0,0,0,0,0,0,0,0,0,0,0,0,0,0,0,0,0,0,0,0,0,0,0,0,0,0,0,0,0,0,0,0,0
"2022-08-01T11:40:00Z",0,0,0,0,0,0,6,27,7,44,0,60,0,0,0,1,0,34,22,0,0,34,17,0,80,95,45,70,100,200,70,10,0,248,44,0,61,0,0,0,0
"2022-08-01T11:50:00Z",0,0,0,0,0,0,0,0,0,0,0,0,0,0,0,0,0,0,0,0,0,0,0,0,0,0,0,0,0,0,0,0,0,0,0,0,0,0,0,0,0
"2022-08-01T11:50:00Z",0,0,0,0,0,0,6,27,7,42,0,59,0,0,0,1,0,33,22,0,0,33,17,0,80,95,45,70,100,200,70,10,0,248,41,0,60,0,0,0,0
"2022-08-01T12:00:00Z",0,0,0,0,0,0,0,0,0,0,0,0,0,0,0,0,0,0,0,0,0,0,0,0,0,0,0,0,0,0,0,0,0,0,0,0,0,0,0,0,0
"2022-08-01T12:00:00Z",0,0,0,0,0,0,6,26,7,40,0,57,0,0,0,1,0,32,22,0,0,32,17,0,80,95,45,70,100,200,70,10,0,248,39,0,59,0,0,0,0
"2022-08-01T12:10:00Z",0,0,0,0,0,0,6,26,7,39,0,56,0,0,0,1,0,32,22,0,0,32,17,0,80,95,45,70,100,200,70,10,0,248,37,0,57,0,0,0,0
"2022-08-01T12:10:00Z",0,0,0,0,0,0,0,0,0,0,0,0,0,0,0,0,0,0,0,0,0,0,0,0,0,0,0,0,0,0,0,0,0,0,0,0,0,0,0,0,0
"2022-08-01T12:20:00Z",0,0,0,0,0,0,0,0,0,0,0,0,0,0,0,0,0,0,0,0,0,0,0,0,0,0,0,0,0,0,0,0,0,0,0,0,0,0,0,0,0
"2022-08-01T12:20:00Z",0,0,0,0,0,0,6,26,7,38,0,55,0,0,0,1,0,32,22,0,0,31,17,0,80,95,45,70,100,200,70,10,0,248,36,0,56,0,0,0,0
"2022-08-01T12:30:00Z",0,0,0,0,0,0,6,26,7,37,0,53,0,0,0,1,0,31,22,0,0,31,17,0,80,95,45,70,100,200,70,10,0,248,35,0,55,0,0,0,0
"2022-08-01T12:30:00Z",0,0,0,0,0,0,0,0,0,0,0,0,0,0,0,0,0,0,0,0,0,0,0,0,0,0,0,0,0,0,0,0,0,0,0,0,0,0,0,0,0
"2022-08-01T12:40:00Z",0,0,0,0,0,0,6,26,7,36,0,53,0,0,0,1,0,31,22,0,0,31,17,0,80,95,45,70,100,200,70,10,0,248,34,0,54,0,0,0,0
"2022-08-01T12:40:00Z",0,0,0,0,0,0,0,0,0,0,0,0,0,0,0,0,0,0,0,0,0,0,0,0,0,0,0,0,0,0,0,0,0,0,0,0,0,0,0,0,0
"2022-08-01T12:50:00Z",0,0,0,0,0,0,0,0,0,0,0,0,0,0,0,0,0,0,0,0,0,0,0,0,0,0,0,0,0,0,0,0,0,0,0,0,0,0,0,0,0
"2022-08-01T12:50:00Z",0,0,0,0,0,0,6,25,7,36,0,52,0,0,0,1,0,31,22,0,0,30,17,0,80,95,45,70,100,200,70,10,0,248,33,0,53,0,0,0,0
"2022-08-01T13:00:00Z",0,0,0,0,0,0,6,26,7,35,0,51,0,0,0,1,0,30,22,0,0,30,17,0,80,95,45,70,100,200,70,10,0,248,33,0,53,0,0,0,0
"2022-08-01T13:00:00Z",0,0,0,0,0,0,0,0,0,0,0,0,0,0,0,0,0,0,0,0,0,0,0,0,0,0,0,0,0,0,0,0,0,0,0,0,0,0,0,0,0
"2022-08-01T13:10:00Z",0,0,0,0,0,0,6,26,7,35,0,50,0,0,0,1,0,30,22,0,0,30,17,0,80,95,45,70,100,200,70,10,0,248,33,0,52,0,0,0,0
"2022-08-01T13:10:00Z",0,0,0,0,0,0,0,0,0,0,0,0,0,0,0,0,0,0,0,0,0,0,0,0,0,0,0,0,0,0,0,0,0,0,0,0,0,0,0,0,0
"2022-08-01T13:20:00Z",0,0,0,0,0,0,0,0,0,0,0,0,0,0,0,0,0,0,0,0,0,0,0,0,0,0,0,0,0,0,0,0,0,0,0,0,0,0,0,0,0
"2022-08-01T13:20:00Z",0,0,0,0,0,0,6,26,7,34,0,49,0,0,0,1,0,30,22,0,0,30,17,0,80,95,45,70,100,200,70,10,0,248,33,0,51,0,0,0,0
"2022-08-01T13:30:00Z",0,0,0,0,0,0,0,0,0,0,0,0,0,0,0,0,0,0,0,0,0,0,0,0,0,0,0,0,0,0,0,0,0,0,0,0,0,0,0,0,0
"2022-08-01T13:30:00Z",0,0,0,0,0,0,6,26,7,34,0,49,0,0,0,1,0,30,22,0,0,30,17,0,80,95,45,70,100,200,70,10,0,248,33,0,50,0,0,0,0
"2022-08-01T13:40:00Z",0,0,0,0,0,0,0,0,0,0,0,0,0,0,0,0,0,0,0,0,0,0,0,0,0,0,0,0,0,0,0,0,0,0,0,0,0,0,0,0,0
"2022-08-01T13:40:00Z",0,0,0,0,0,0,6,26,7,34,0,48,0,0,0,1,0,30,22,0,0,29,17,0,80,95,45,70,100,200,70,10,0,248,33,0,50,0,0,0,0
"2022-08-01T13:50:00Z",0,0,0,0,0,0,6,26,7,34,0,47,0,0,0,1,0,30,22,0,0,29,17,0,80,95,45,70,100,200,70,10,0,248,33,0,49,0,0,0,0
"2022-08-01T13:50:00Z",0,0,0,0,0,0,0,0,0,0,0,0,0,0,0,0,0,0,0,0,0,0,0,0,0,0,0,0,0,0,0,0,0,0,0,0,0,0,0,0,0
"2022-08-01T14:00:00Z",0,0,0,0,0,0,6,26,7,33,0,47,0,0,0,1,0,29,22,0,0,29,17,0,80,95,45,70,100,200,70,10,0,248,33,0,49,0,0,0,0
"2022-08-01T14:00:00Z",0,0,0,0,0,0,0,0,0,0,0,0,0,0,0,0,0,0,0,0,0,0,0,0,0,0,0,0,0,0,0,0,0,0,0,0,0,0,0,0,0
"2022-08-01T14:10:00Z",0,0,0,0,0,0,0,0,0,0,0,0,0,0,0,0,0,0,0,0,0,0,0,0,0,0,0,0,0,0,0,0,0,0,0,0,0,0,0,0,0
"2022-08-01T14:10:00Z",0,0,0,0,0,0,6,26,7,33,0,46,0,0,0,1,0,29,22,0,0,29,17,0,80,95,45,70,100,200,70,10,0,248,33,0,48,0,0,0,0
"2022-08-01T14:20:00Z",0,0,0,0,0,0,0,0,0,0,0,0,0,0,0,0,0,0,0,0,0,0,0,0,0,0,0,0,0,0,0,0,0,0,0,0,0,0,0,0,0
"2022-08-01T14:20:00Z",0,0,0,0,0,0,6,26,7,33,0,45,0,0,0,1,0,29,22,0,0,29,17,0,80,95,45,70,100,200,70,10,0,248,33,0,47,0,0,0,0
"2022-08-01T14:30:00Z",0,0,0,0,0,0,0,0,0,0,0,0,0,0,0,0,0,0,0,0,0,0,0,0,0,0,0,0,0,0,0,0,0,0,0,0,0,0,0,0,0
"2022-08-01T14:30:00Z",0,0,0,0,0,0,6,26,7,33,0,45,0,0,0,1,0,29,22,0,0,29,17,0,80,95,45,70,100,200,70,10,0,248,33,0,47,0,0,0,0
"2022-08-01T14:40:00Z",0,0,0,0,0,0,6,26,7,33,0,45,0,0,0,1,0,29,22,0,0,29,17,0,80,95,45,70,100,200,70,10,0,248,33,0,47,0,0,0,0
"2022-08-01T14:40:00Z",0,0,0,0,0,0,0,0,0,0,0,0,0,0,0,0,0,0,0,0,0,0,0,0,0,0,0,0,0,0,0,0,0,0,0,0,0,0,0,0,0
"2022-08-01T14:50:00Z",0,0,0,0,0,0,0,0,0,0,0,0,0,0,0,0,0,0,0,0,0,0,0,0,0,0,0,0,0,0,0,0,0,0,0,0,0,0,0,0,0
"2022-08-01T14:50:00Z",0,0,0,0,0,0,6,25,7,33,0,44,0,0,0,1,0,29,22,0,0,29,17,0,80,95,45,70,100,200,70,10,0,248,33,0,46,0,0,0,0
"2022-08-01T15:00:00Z",0,0,0,0,0,0,6,25,7,33,0,43,0,0,0,1,0,29,22,0,0,29,17,0,80,95,45,70,100,200,70,10,0,248,33,0,45,0,0,0,0
"2022-08-01T15:00:00Z",0,0,0,0,0,0,0,0,0,0,0,0,0,0,0,0,0,0,0,0,0,0,0,0,0,0,0,0,0,0,0,0,0,0,0,0,0,0,0,0,0
"2022-08-01T15:10:00Z",0,0,0,0,0,0,6,25,7,33,0,43,0,0,0,1,0,29,22,0,0,29,17,0,80,95,45,70,100,200,70,10,0,248,33,0,45,0,0,0,0
"2022-08-01T15:10:00Z",0,0,0,0,0,0,0,0,0,0,0,0,0,0,0,0,0,0,0,0,0,0,0,0,0,0,0,0,0,0,0,0,0,0,0,0,0,0,0,0,0
"2022-08-01T15:20:00Z",0,0,0,0,0,0,6,25,7,33,0,43,0,0,0,1,0,29,22,0,0,29,17,0,80,95,45,70,100,200,70,10,0,248,33,0,45,0,0,0,0
"2022-08-01T15:20:00Z",0,0,0,0,0,0,0,0,0,0,0,0,0,0,0,0,0,0,0,0,0,0,0,0,0,0,0,0,0,0,0,0,0,0,0,0,0,0,0,0,0
"2022-08-01T15:30:00Z",0,0,0,0,0,0,0,0,0,0,0,0,0,0,0,0,0,0,0,0,0,0,0,0,0,0,0,0,0,0,0,0,0,0,0,0,0,0,0,0,0
"2022-08-01T15:30:00Z",0,0,0,0,0,0,6,25,7,32,0,42,0,0,0,1,0,29,22,0,0,29,17,0,80,95,45,70,100,200,70,10,0,248,33,0,44,0,0,0,0
"2022-08-01T15:40:00Z",0,0,0,0,0,0,6,25,7,32,0,42,0,0,0,1,0,29,22,0,0,29,17,0,80,95,45,70,100,200,70,10,0,248,33,0,44,0,0,0,0
"2022-08-01T15:40:00Z",0,0,0,0,0,0,0,0,0,0,0,0,0,0,0,0,0,0,0,0,0,0,0,0,0,0,0,0,0,0,0,0,0,0,0,0,0,0,0,0,0
"2022-08-01T15:50:00Z",0,0,0,0,0,0,0,0,0,0,0,0,0,0,0,0,0,0,0,0,0,0,0,0,0,0,0,0,0,0,0,0,0,0,0,0,0,0,0,0,0
"2022-08-01T15:50:00Z",0,0,0,0,0,0,6,25,7,32,0,41,0,0,0,1,0,29,22,0,0,29,17,0,80,95,45,70,100,200,70,10,0,248,33,0,43,0,0,0,0
"2022-08-01T16:00:00Z",0,0,0,0,0,0,0,0,0,0,0,0,0,0,0,0,0,0,0,0,0,0,0,0,0,0,0,0,0,0,0,0,0,0,0,0,0,0,0,0,0
"2022-08-01T16:00:00Z",0,0,0,0,0,0,6,25,7,32,0,41,0,0,0,1,0,29,22,0,0,28,17,0,80,95,45,70,100,200,70,10,0,248,33,0,43,0,0,0,0
"2022-08-01T16:10:00Z",0,0,0,0,0,0,6,25,7,32,0,41,0,0,0,1,0,28,22,0,0,28,17,0,80,95,45,70,100,200,70,10,0,248,33,0,43,0,0,0,0
"2022-08-01T16:10:00Z",0,0,0,0,0,0,0,0,0,0,0,0,0,0,0,0,0,0,0,0,0,0,0,0,0,0,0,0,0,0,0,0,0,0,0,0,0,0,0,0,0
"2022-08-01T16:20:00Z",0,0,0,0,0,0,0,0,0,0,0,0,0,0,0,0,0,0,0,0,0,0,0,0,0,0,0,0,0,0,0,0,0,0,0,0,0,0,0,0,0
"2022-08-01T16:20:00Z",0,0,0,0,0,0,6,25,7,32,0,40,0,0,0,1,0,28,22,0,0,28,17,0,80,95,45,70,100,200,70,10,0,248,33,0,43,0,0,0,0
"2022-08-01T16:30:00Z",0,0,0,0,0,0,0,0,0,0,0,0,0,0,0,0,0,0,0,0,0,0,0,0,0,0,0,0,0,0,0,0,0,0,0,0,0,0,0,0,0
"2022-08-01T16:30:00Z",0,0,0,0,0,0,6,25,7,32,0,40,0,0,0,1,0,28,22,0,0,28,17,0,80,95,45,70,100,200,70,10,0,248,33,0,42,0,0,0,0
"2022-08-01T16:40:00Z",0,0,0,0,0,0,0,0,0,0,0,0,0,0,0,0,0,0,0,0,0,0,0,0,0,0,0,0,0,0,0,0,0,0,0,0,0,0,0,0,0
"2022-08-01T16:40:00Z",0,0,0,0,0,0,6,25,7,32,0,40,0,0,0,1,0,28,22,0,0,28,17,0,80,95,45,70,100,200,70,10,0,248,33,0,42,0,0,0,0
"2022-08-01T16:50:00Z",0,0,0,0,0,0,6,25,7,32,0,39,0,0,0,1,0,28,22,0,0,28,17,0,80,95,45,70,100,200,70,10,0,248,33,0,41,0,0,0,0
"2022-08-01T16:50:00Z",0,0,0,0,0,0,0,0,0,0,0,0,0,0,0,0,0,0,0,0,0,0,0,0,0,0,0,0,0,0,0,0,0,0,0,0,0,0,0,0,0
"2022-08-01T17:00:00Z",0,0,0,0,0,0,0,0,0,0,0,0,0,0,0,0,0,0,0,0,0,0,0,0,0,0,0,0,0,0,0,0,0,0,0,0,0,0,0,0,0
"2022-08-01T17:00:00Z",0,0,0,0,0,0,6,25,7,32,0,39,0,0,0,1,0,28,22,0,0,28,17,0,80,95,45,70,100,200,70,10,0,248,33,0,41,0,0,0,0
"2022-08-01T17:10:00Z",0,0,0,0,0,0,0,0,0,0,0,0,0,0,0,0,0,0,0,0,0,0,0,0,0,0,0,0,0,0,0,0,0,0,0,0,0,0,0,0,0
"2022-08-01T17:10:00Z",0,0,0,0,0,0,6,25,7,32,0,38,0,0,0,1,0,28,22,0,0,28,17,0,80,95,45,70,100,200,70,10,0,248,33,0,41,0,0,0,0
"2022-08-01T17:20:00Z",0,0,0,0,0,0,6,24,7,32,0,38,0,0,0,1,0,28,22,0,0,28,17,0,80,95,45,70,100,200,70,10,0,248,33,0,41,0,0,0,0
"2022-08-01T17:20:00Z",0,0,0,0,0,0,0,0,0,0,0,0,0,0,0,0,0,0,0,0,0,0,0,0,0,0,0,0,0,0,0,0,0,0,0,0,0,0,0,0,0
"2022-08-01T17:30:00Z",0,0,0,0,0,0,6,24,7,32,0,38,0,0,0,1,0,28,22,0,0,28,17,0,80,95,45,70,100,200,70,10,0,248,33,0,40,0,0,0,0
"2022-08-01T17:30:00Z",0,0,0,0,0,0,0,0,0,0,0,0,0,0,0,0,0,0,0,0,0,0,0,0,0,0,0,0,0,0,0,0,0,0,0,0,0,0,0,0,0
"2022-08-01T17:40:00Z",0,0,0,0,0,0,0,0,0,0,0,0,0,0,0,0,0,0,0,0,0,0,0,0,0,0,0,0,0,0,0,0,0,0,0,0,0,0,0,0,0
"2022-08-01T17:40:00Z",0,0,0,0,0,0,6,24,7,32,0,38,0,0,0,1,0,28,22,0,0,28,17,0,80,95,45,70,100,200,70,10,0,248,33,0,40,0,0,0,0
"2022-08-01T17:50:00Z",0,0,0,0,0,0,6,24,7,32,0,37,0,0,0,1,0,28,22,0,0,28,17,0,80,95,45,70,100,200,70,10,0,248,33,0,40,0,0,0,0
"2022-08-01T17:50:00Z",0,0,0,0,0,0,0,0,0,0,0,0,0,0,0,0,0,0,0,0,0,0,0,0,0,0,0,0,0,0,0,0,0,0,0,0,0,0,0,0,0
"2022-08-01T18:00:00Z",0,0,0,0,0,0,6,24,7,31,0,37,0,0,0,1,0,28,22,0,0,28,17,0,80,95,45,70,100,200,70,10,0,248,33,0,39,0,0,0,0
"2022-08-01T18:00:00Z",0,0,0,0,0,0,0,0,0,0,0,0,0,0,0,0,0,0,0,0,0,0,0,0,0,0,0,0,0,0,0,0,0,0,0,0,0,0,0,0,0
"2022-08-01T18:10:00Z",0,0,0,0,0,0,6,24,7,31,0,37,0,0,0,1,0,28,22,0,0,28,17,0,80,95,45,70,100,200,70,10,0,248,32,0,39,0,0,0,0
"2022-08-01T18:10:00Z",0,0,0,0,0,0,0,0,0,0,0,0,0,0,0,0,0,0,0,0,0,0,0,0,0,0,0,0,0,0,0,0,0,0,0,0,0,0,0,0,0
"2022-08-01T18:20:00Z",0,0,0,0,0,0,6,24,7,31,0,36,0,0,0,1,0,28,22,0,0,28,17,0,80,95,45,70,100,200,70,10,0,248,32,0,39,0,0,0,0
"2022-08-01T18:20:00Z",0,0,0,0,0,0,0,0,0,0,0,0,0,0,0,0,0,0,0,0,0,0,0,0,0,0,0,0,0,0,0,0,0,0,0,0,0,0,0,0,0
"2022-08-01T18:30:00Z",0,0,0,0,0,0,0,0,0,0,0,0,0,0,0,0,0,0,0,0,0,0,0,0,0,0,0,0,0,0,0,0,0,0,0,0,0,0,0,0,0
"2022-08-01T18:30:00Z",0,0,0,0,0,0,6,24,7,31,0,36,0,0,0,1,0,28,22,0,0,28,17,0,80,95,45,70,100,200,70,10,0,248,32,0,38,0,0,0,0
"2022-08-01T18:40:00Z",0,0,0,0,0,0,0,0,0,0,0,0,0,0,0,0,0,0,0,0,0,0,0,0,0,0,0,0,0,0,0,0,0,0,0,0,0,0,0,0,0
"2022-08-01T18:40:00Z",0,0,0,0,0,0,6,24,7,31,0,36,0,0,0,1,0,28,22,0,0,28,17,0,80,95,45,70,100,200,70,10,0,248,32,0,38,0,0,0,0
"2022-08-01T18:50:00Z",0,0,0,0,0,0,6,24,7,31,0,36,0,0,0,1,0,28,22,0,0,28,17,0,80,95,45,70,100,200,70,10,0,248,32,0,38,0,0,0,0
"2022-08-01T18:50:00Z",0,0,0,0,0,0,0,0,0,0,0,0,0,0,0,0,0,0,0,0,0,0,0,0,0,0,0,0,0,0,0,0,0,0,0,0,0,0,0,0,0
"2022-08-01T19:00:00Z",0,0,0,0,0,0,6,25,7,31,0,35,0,0,0,1,0,28,22,0,0,27,17,0,80,95,45,70,100,200,70,10,0,248,32,0,38,0,0,0,0
"2022-08-01T19:00:00Z",0,0,0,0,0,0,0,0,0,0,0,0,0,0,0,0,0,0,0,0,0,0,0,0,0,0,0,0,0,0,0,0,0,0,0,0,0,0,0,0,0
"2022-08-01T19:10:00Z",0,0,0,0,0,0,0,0,0,0,0,0,0,0,0,0,0,0,0,0,0,0,0,0,0,0,0,0,0,0,0,0,0,0,0,0,0,0,0,0,0
"2022-08-01T19:10:00Z",0,0,0,0,0,0,6,25,7,31,0,35,0,0,0,1,0,28,22,0,0,27,17,0,80,95,45,70,100,200,70,10,0,248,32,0,38,0,0,0,0
"2022-08-01T19:20:00Z",0,0,0,0,0,0,0,0,0,0,0,0,0,0,0,0,0,0,0,0,0,0,0,0,0,0,0,0,0,0,0,0,0,0,0,0,0,0,0,0,0
"2022-08-01T19:20:00Z",0,0,0,0,0,0,6,24,7,31,0,35,0,0,0,1,0,27,22,0,0,27,17,0,80,95,45,70,100,200,70,10,0,248,32,0,37,0,0,0,0
"2022-08-01T19:30:00Z",0,0,0,0,0,0,0,0,0,0,0,0,0,0,0,0,0,0,0,0,0,0,0,0,0,0,0,0,0,0,0,0,0,0,0,0,0,0,0,0,0
"2022-08-01T19:30:00Z",0,0,0,0,0,0,6,24,7,31,0,34,0,0,0,1,0,27,22,0,0,27,17,0,80,95,45,70,100,200,70,10,0,248,32,0,37,0,0,0,0
"2022-08-01T19:40:00Z",0,0,0,0,0,0,0,0,0,0,0,0,0,0,0,0,0,0,0,0,0,0,0,0,0,0,0,0,0,0,0,0,0,0,0,0,0,0,0,0,0
"2022-08-01T19:40:00Z",0,0,0,0,0,0,6,24,7,31,0,34,0,0,0,1,0,27,22,0,0,27,17,0,80,95,45,70,100,200,70,10,0,248,32,0,37,0,0,0,0
"2022-08-01T19:50:00Z",0,0,0,0,0,0,6,24,7,31,0,34,0,0,0,1,0,27,22,0,0,27,17,0,80,95,45,70,100,200,70,10,0,248,32,0,37,0,0,0,0
"2022-08-01T19:50:00Z",0,0,0,0,0,0,0,0,0,0,0,0,0,0,0,0,0,0,0,0,0,0,0,0,0,0,0,0,0,0,0,0,0,0,0,0,0,0,0,0,0
"2022-08-01T20:00:00Z",0,0,0,0,0,0,0,0,0,0,0,0,0,0,0,0,0,0,0,0,0,0,0,0,0,0,0,0,0,0,0,0,0,0,0,0,0,0,0,0,0
"2022-08-01T20:00:00Z",0,0,0,0,0,0,6,24,7,31,0,34,0,0,0,1,0,27,22,0,0,27,17,0,80,95,45,70,100,200,70,10,0,248,32,0,36,0,0,0,0
"2022-08-01T20:10:00Z",0,0,0,0,0,0,6,24,7,31,0,34,0,0,0,1,0,27,22,0,0,27,17,0,80,95,45,70,100,200,70,10,0,248,32,0,36,0,0,0,0
"2022-08-01T20:10:00Z",0,0,0,0,0,0,0,0,0,0,0,0,0,0,0,0,0,0,0,0,0,0,0,0,0,0,0,0,0,0,0,0,0,0,0,0,0,0,0,0,0
"2022-08-01T20:20:00Z",0,0,0,0,0,0,6,24,7,31,0,33,0,0,0,1,0,27,22,0,0,27,17,0,80,95,45,70,100,200,70,10,0,248,32,0,36,0,0,0,0
"2022-08-01T20:20:00Z",0,0,0,0,0,0,0,0,0,0,0,0,0,0,0,0,0,0,0,0,0,0,0,0,0,0,0,0,0,0,0,0,0,0,0,0,0,0,0,0,0
"2022-08-01T20:30:00Z",0,0,0,0,0,0,6,24,7,31,0,33,0,0,0,1,0,27,22,0,0,27,17,0,80,95,45,70,100,200,70,10,0,248,32,0,36,0,0,0,0
"2022-08-01T20:30:00Z",0,0,0,0,0,0,0,0,0,0,0,0,0,0,0,0,0,0,0,0,0,0,0,0,0,0,0,0,0,0,0,0,0,0,0,0,0,0,0,0,0
"2022-08-01T20:40:00Z",0,0,0,0,0,0,6,23,7,31,0,33,0,0,0,1,0,27,22,0,0,27,17,0,80,95,45,70,100,200,70,10,0,248,32,0,36,0,0,0,0
"2022-08-01T20:40:00Z",0,0,0,0,0,0,0,0,0,0,0,0,0,0,0,0,0,0,0,0,0,0,0,0,0,0,0,0,0,0,0,0,0,0,0,0,0,0,0,0,0
"2022-08-01T20:50:00Z",0,0,0,0,0,0,6,23,7,31,0,33,0,0,0,1,0,27,22,0,0,27,17,0,80,95,45,70,100,200,70,10,0,248,32,0,35,0,0,0,0
"2022-08-01T20:50:00Z",0,0,0,0,0,0,0,0,0,0,0,0,0,0,0,0,0,0,0,0,0,0,0,0,0,0,0,0,0,0,0,0,0,0,0,0,0,0,0,0,0
"2022-08-01T21:00:00Z",0,0,0,0,0,0,6,23,7,31,0,32,0,0,0,1,0,27,22,0,0,27,17,0,80,95,45,70,100,200,70,10,0,248,32,0,35,0,0,0,0
"2022-08-01T21:00:00Z",0,0,0,0,0,0,0,0,0,0,0,0,0,0,0,0,0,0,0,0,0,0,0,0,0,0,0,0,0,0,0,0,0,0,0,0,0,0,0,0,0
"2022-08-01T21:10:00Z",0,0,0,0,0,0,6,23,7,31,0,32,0,0,0,1,0,27,22,0,0,27,17,0,80,95,45,70,100,200,70,10,0,248,31,0,35,0,0,0,0
"2022-08-01T21:10:00Z",0,0,0,0,0,0,0,0,0,0,0,0,0,0,0,0,0,0,0,0,0,0,0,0,0,0,0,0,0,0,0,0,0,0,0,0,0,0,0,0,0
"2022-08-01T21:20:00Z",0,0,0,0,0,0,6,23,7,30,0,32,0,0,0,1,0,27,22,0,0,27,17,0,80,95,45,70,100,200,70,10,0,248,31,0,34,0,0,0,0
"2022-08-01T21:20:00Z",0,0,0,0,0,0,0,0,0,0,0,0,0,0,0,0,0,0,0,0,0,0,0,0,0,0,0,0,0,0,0,0,0,0,0,0,0,0,0,0,0
"2022-08-01T21:30:00Z",0,0,0,0,0,0,0,0,0,0,0,0,0,0,0,0,0,0,0,0,0,0,0,0,0,0,0,0,0,0,0,0,0,0,0,0,0,0,0,0,0
"2022-08-01T21:30:00Z",0,0,0,0,0,0,6,23,7,30,0,32,0,0,0,1,0,27,22,0,0,27,17,0,80,95,45,70,100,200,70,10,0,248,31,0,34,0,0,0,0
"2022-08-01T21:40:00Z",0,0,0,0,0,0,6,22,7,30,0,32,0,0,0,1,0,27,22,0,0,27,17,0,80,95,45,70,100,200,70,10,0,248,31,0,34,0,0,0,0
"2022-08-01T21:40:00Z",0,0,0,0,0,0,0,0,0,0,0,0,0,0,0,0,0,0,0,0,0,0,0,0,0,0,0,0,0,0,0,0,0,0,0,0,0,0,0,0,0
"2022-08-01T21:50:00Z",0,0,0,0,0,0,6,22,7,30,0,31,0,0,0,1,0,27,22,0,0,27,17,0,80,95,45,70,100,200,70,10,0,248,31,0,34,0,0,0,0
"2022-08-01T21:50:00Z",0,0,0,0,0,0,0,0,0,0,0,0,0,0,0,0,0,0,0,0,0,0,0,0,0,0,0,0,0,0,0,0,0,0,0,0,0,0,0,0,0
"2022-08-01T22:00:00Z",0,0,0,0,0,0,6,22,7,30,0,31,0,0,0,1,0,27,22,0,0,27,17,0,80,95,45,70,100,200,70,10,0,248,31,0,34,0,0,0,0
"2022-08-01T22:00:00Z",0,0,0,0,0,0,0,0,0,0,0,0,0,0,0,0,0,0,0,0,0,0,0,0,0,0,0,0,0,0,0,0,0,0,0,0,0,0,0,0,0
"2022-08-01T22:10:00Z",0,0,0,0,0,0,0,0,0,0,0,0,0,0,0,0,0,0,0,0,0,0,0,0,0,0,0,0,0,0,0,0,0,0,0,0,0,0,0,0,0
"2022-08-01T22:10:00Z",0,0,0,0,0,0,6,22,7,30,0,31,0,0,0,1,0,27,22,0,0,27,17,0,80,95,45,70,100,200,70,10,0,248,31,0,33,0,0,0,0
"2022-08-01T22:20:00Z",0,0,0,0,0,0,6,22,7,30,0,31,0,0,0,1,0,27,22,0,0,27,17,0,80,95,45,70,100,200,70,10,0,248,31,0,33,0,0,0,0
"2022-08-01T22:20:00Z",0,0,0,0,0,0,0,0,0,0,0,0,0,0,0,0,0,0,0,0,0,0,0,0,0,0,0,0,0,0,0,0,0,0,0,0,0,0,0,0,0
"2022-08-01T22:30:00Z",0,0,0,0,0,0,6,22,7,30,0,30,0,0,0,1,0,27,22,0,0,27,17,0,80,95,45,70,100,200,70,10,0,248,31,0,33,0,0,0,0
"2022-08-01T22:30:00Z",0,0,0,0,0,0,0,0,0,0,0,0,0,0,0,0,0,0,0,0,0,0,0,0,0,0,0,0,0,0,0,0,0,0,0,0,0,0,0,0,0
"2022-08-01T22:40:00Z",0,0,0,0,0,0,6,22,7,30,0,30,0,0,0,1,0,27,22,0,0,27,17,0,80,95,45,70,100,200,70,10,0,248,31,0,33,0,0,0,0
"2022-08-01T22:40:00Z",0,0,0,0,0,0,0,0,0,0,0,0,0,0,0,0,0,0,0,0,0,0,0,0,0,0,0,0,0,0,0,0,0,0,0,0,0,0,0,0,0
"2022-08-01T22:50:00Z",0,0,0,0,0,0,0,0,0,0,0,0,0,0,0,0,0,0,0,0,0,0,0,0,0,0,0,0,0,0,0,0,0,0,0,0,0,0,0,0,0
"2022-08-01T22:50:00Z",0,0,0,0,0,0,6,21,7,30,0,30,0,0,0,1,0,27,22,0,0,27,17,0,80,95,45,70,100,200,70,10,0,248,31,0,33,0,0,0,0
"2022-08-01T23:00:00Z",0,0,0,0,0,0,0,0,0,0,0,0,0,0,0,0,0,0,0,0,0,0,0,0,0,0,0,0,0,0,0,0,0,0,0,0,0,0,0,0,0
"2022-08-01T23:00:00Z",0,0,0,0,0,0,6,21,7,30,0,30,0,0,0,1,0,27,22,0,0,27,17,0,80,95,45,70,100,200,70,10,0,248,31,0,32,0,0,0,0
"2022-08-01T23:10:00Z",0,0,0,0,0,0,6,21,7,30,0,30,0,0,0,1,0,27,22,0,0,27,17,0,80,95,45,70,100,200,70,10,0,248,31,0,32,0,0,0,0
"2022-08-01T23:10:00Z",0,0,0,0,0,0,0,0,0,0,0,0,0,0,0,0,0,0,0,0,0,0,0,0,0,0,0,0,0,0,0,0,0,0,0,0,0,0,0,0,0
"2022-08-01T23:20:00Z",0,0,0,0,0,0,0,0,0,0,0,0,0,0,0,0,0,0,0,0,0,0,0,0,0,0,0,0,0,0,0,0,0,0,0,0,0,0,0,0,0
"2022-08-01T23:20:00Z",0,0,0,0,0,0,6,21,7,30,0,30,0,0,0,1,0,27,22,0,0,27,17,0,80,95,45,70,100,200,70,10,0,248,31,0,32,0,0,0,0
"2022-08-01T23:30:00Z",0,0,0,0,0,0,6,21,7,30,0,29,0,0,0,1,0,27,22,0,0,27,17,0,80,95,45,70,100,200,70,10,0,248,31,0,32,0,0,0,0
"2022-08-01T23:40:00Z",0,0,0,0,0,0,6,21,7,30,0,29,0,0,0,1,0,27,22,0,0,27,17,0,80,95,45,70,100,200,70,10,0,248,31,0,32,0,0,0,0
"2022-08-01T23:50:00Z",0,0,0,0,0,0,6,21,7,30,0,29,0,0,0,1,0,27,22,0,0,27,17,0,80,95,45,70,100,200,70,10,0,248,31,0,31,0,0,0,0
"2022-08-02T00:00:00Z",0,0,0,0,0,0,6,21,7,30,0,29,0,0,0,1,0,27,22,0,0,27,17,0,80,95,45,70,100,200,70,10,0,248,31,0,31,0,0,0,0
"2022-08-02T00:10:00Z",0,0,0,0,0,0,6,20,7,30,0,28,0,0,0,1,0,27,22,0,0,27,17,0,80,95,45,70,100,200,70,10,0,248,31,0,31,0,0,0,0
"2022-08-02T00:20:00Z",0,0,0,0,0,0,6,20,7,30,0,28,0,0,0,1,0,27,22,0,0,27,17,0,80,95,45,70,100,200,70,10,0,248,31,0,31,0,0,0,0
"2022-08-02T00:30:00Z",0,0,0,0,0,0,6,20,7,30,0,28,0,0,0,1,0,27,22,0,0,27,17,0,80,95,45,70,100,200,70,10,0,248,31,0,30,0,0,0,0
"2022-08-02T00:40:00Z",0,0,0,0,0,0,6,20,7,30,0,28,0,0,0,1,0,27,22,0,0,27,17,0,80,95,45,70,100,200,70,10,0,248,31,0,30,0,0,0,0
"2022-08-02T00:50:00Z",0,0,0,0,0,0,6,20,7,30,0,28,0,0,0,1,0,27,22,0,0,27,17,0,80,95,45,70,100,200,70,10,0,248,31,0,30,0,0,0,0
"2022-08-02T01:00:00Z",0,0,0,0,0,0,6,20,7,30,0,28,0,0,0,1,0,27,22,0,0,27,17,0,80,95,45,70,100,200,70,10,0,248,31,0,30,0,0,0,0
"2022-08-02T01:10:00Z",0,0,0,0,0,0,6,20,7,30,0,27,0,0,0,1,0,27,22,0,0,27,17,0,80,95,45,70,100,200,70,10,0,248,31,0,30,0,0,0,0
"2022-08-02T01:20:00Z",0,0,0,0,0,0,6,20,7,30,0,27,0,0,0,1,0,27,22,0,0,27,17,0,80,95,45,70,100,200,70,10,0,248,31,0,30,0,0,0,0
"2022-08-02T01:30:00Z",0,0,0,0,0,0,6,20,7,30,0,27,0,0,0,1,0,27,22,0,0,27,17,0,80,95,45,70,100,200,70,10,0,248,31,0,30,0,0,0,0
"2022-08-02T01:40:00Z",0,0,0,0,0,0,6,19,7,30,0,27,0,0,0,1,0,27,22,0,0,27,17,0,80,95,45,70,100,200,70,10,0,248,31,0,29,0,0,0,0
"2022-08-02T01:50:00Z",0,0,0,0,0,0,6,19,7,30,0,27,0,0,0,1,0,27,22,0,0,27,17,0,80,95,45,70,100,200,70,10,0,248,31,0,29,0,0,0,0
"2022-08-02T02:00:00Z",0,0,0,0,0,0,6,19,7,30,0,26,0,0,0,1,0,27,22,0,0,27,17,0,80,95,45,70,100,200,70,10,0,248,31,0,29,0,0,0,0
"2022-08-02T02:10:00Z",0,0,0,0,0,0,6,19,7,30,0,26,0,0,0,1,0,27,22,0,0,27,17,0,80,95,45,70,100,200,70,10,0,248,31,0,29,0,0,0,0
"2022-08-02T02:20:00Z",0,0,0,0,0,0,6,19,7,30,0,26,0,0,0,1,0,27,22,0,0,27,17,0,80,95,45,70,100,200,70,10,0,248,31,0,28,0,0,0,0
"2022-08-02T02:30:00Z",0,0,0,0,0,0,6,19,7,30,0,26,0,0,0,1,0,27,22,0,0,27,17,0,80,95,45,70,100,200,70,10,0,248,31,0,28,0,0,0,0
"2022-08-02T02:40:00Z",0,0,0,0,0,0,6,19,7,30,0,26,0,0,0,1,0,27,22,0,0,26,17,0,80,95,45,70,100,200,70,10,0,248,31,0,28,0,0,0,0
"2022-08-02T02:50:00Z",0,0,0,0,0,0,6,19,7,30,0,26,0,0,0,1,0,27,22,0,0,26,17,0,80,95,45,70,100,200,70,10,0,248,31,0,28,0,0,0,0
"2022-08-02T03:00:00Z",0,0,0,0,0,0,6,19,7,30,0,26,0,0,0,1,0,26,22,0,0,26,17,0,80,95,45,70,100,200,70,10,0,248,30,0,28,0,0,0,0
"2022-08-02T03:10:00Z",0,0,0,0,0,0,6,19,7,30,0,25,0,0,0,1,0,26,22,0,0,26,17,0,80,95,45,70,100,200,70,10,0,248,30,0,28,0,0,0,0
"2022-08-02T03:20:00Z",0,0,0,0,0,0,6,19,7,30,0,25,0,0,0,1,0,26,22,0,0,26,17,0,80,95,45,70,100,200,70,10,0,248,30,0,28,0,0,0,0
"2022-08-02T03:30:00Z",0,0,0,0,0,0,6,19,7,30,0,25,0,0,0,1,0,26,22,0,0,26,17,0,80,95,45,70,100,200,70,10,0,248,30,0,27,0,0,0,0
"2022-08-02T03:40:00Z",0,0,0,0,0,0,6,18,7,30,0,25,0,0,0,1,0,26,22,0,0,26,17,0,80,95,45,70,100,200,70,10,0,248,30,0,27,0,0,0,0
"2022-08-02T03:50:00Z",0,0,0,0,0,0,6,18,7,30,0,25,0,0,0,1,0,26,22,0,0,26,17,0,80,95,45,70,100,200,70,10,0,248,30,0,27,0,0,0,0
"2022-08-02T04:00:00Z",0,0,0,0,0,0,6,18,7,30,0,24,0,0,0,1,0,26,22,0,0,26,17,0,80,95,45,70,100,200,70,10,0,248,30,0,27,0,0,0,0
"2022-08-02T04:10:00Z",1,1,0,0,0,0,4,18,5,31,3,24,84,0,1,1,36,27,84,0,0,27,82,0,80,95,45,70,100,200,70,10,1,248,31,3,27,82,1,1,1
"2022-08-02T04:20:00Z",2,2,0,0,0,0,3,22,3,37,21,29,100,0,2,1,36,33,270,0,0,32,131,0,80,95,45,70,100,200,70,10,1,248,37,18,32,100,2,2,99
"2022-08-02T04:30:00Z",2,2,0,0,0,0,3,23,3,45,21,36,100,0,2,1,38,35,261,0,0,34,149,0,80,95,45,70,100,200,70,10,1,248,45,21,38,100,2,2,92
"2022-08-02T04:40:00Z",2,2,0,0,0,0,2,23,4,52,19,40,100,0,2,1,41,36,173,0,0,34,195,0,80,95,45,70,100,200,70,10,1,249,51,18,43,100,2,2,103
"2022-08-02T04:50:00Z",2,2,0,0,0,0,4,27,3,54,27,45,99,0,2,1,41,38,114,0,0,35,202,0,80,95,45,70,100,200,70,10,1,249,55,27,48,100,2,2,86
"2022-08-02T05:00:00Z",2,2,0,0,0,0,5,25,5,55,26,51,100,0,2,1,42,37,77,0,0,34,86,0,80,95,45,70,100,200,70,10,1,249,53,25,53,100,2,2,35
"2022-08-02T05:10:00Z",2,2,0,0,0,0,4,25,4,54,20,55,100,0,2,1,36,37,159,0,0,33,179,0,80,95,45,70,100,200,70,10,1,249,53,18,57,100,2,2,49
"2022-08-02T05:20:00Z",2,2,0,0,0,0,4,26,4,54,19,56,99,0,2,1,40,38,92,0,0,36,139,0,80,95,45,70,100,200,70,10,1,249,55,18,59,99,2,2,77
"2022-08-02T05:30:00Z",0,0,0,0,0,0,5,23,6,51,1,56,44,0,0,1,25,35,77,0,0,34,15,0,80,95,45,70,100,200,70,10,0,249,49,1,58,40,0,0,0
"2022-08-02T05:40:00Z",0,0,0,0,0,0,6,22,7,46,0,53,0,0,0,1,0,32,16,0,0,32,17,0,80,95,45,70,100,200,70,10,0,249,45,0,56,0,0,0,0
"2022-08-02T05:50:00Z",0,0,0,0,0,0,6,22,7,42,0,51,0,0,0,1,0,31,16,0,0,31,17,0,80,95,45,70,100,200,70,10,0,249,42,0,54,0,0,0,0
"2022-08-02T06:00:00Z",0,0,0,0,0,0,6,21,7,40,0,49,0,0,0,1,0,30,16,0,0,31,17,0,80,95,45,70,100,200,70,10,0,249,40,0,52,0,0,0,0
"2022-08-02T06:10:00Z",0,0,0,0,0,0,6,21,7,38,0,48,0,0,0,1,0,30,16,0,0,30,17,0,80,95,45,70,100,200,70,10,0,249,38,0,51,0,0,0,0
"2022-08-02T06:20:00Z",0,0,0,0,0,0,6,21,7,36,0,47,0,0,0,1,0,30,16,0,0,30,17,0,80,95,45,70,100,200,70,10,0,249,37,0,49,0,0,0,0
"2022-08-02T06:30:00Z",0,0,0,0,0,0,6,21,7,35,0,45,0,0,0,1,0,29,16,0,0,29,17,0,80,95,45,70,100,200,70,10,0,249,36,0,48,0,0,0,0
"2022-08-02T06:40:00Z",0,0,0,0,0,0,6,21,7,35,0,44,0,0,0,1,0,29,16,0,0,29,17,0,80,95,45,70,100,200,70,10,0,249,35,0,47,0,0,0,0
"2022-08-02T06:50:00Z",0,0,0,0,0,0,6,21,7,34,0,43,0,0,0,1,0,29,16,0,0,29,17,0,80,95,45,70,100,200,70,10,0,249,35,0,46,0,0,0,0
"2022-08-02T07:00:00Z",0,0,0,0,0,0,6,21,7,33,0,42,0,0,0,1,0,29,16,0,0,29,17,0,80,95,45,70,100,200,70,10,0,249,34,0,45,0,0,0,0
"2022-08-02T07:10:00Z",0,0,0,0,0,0,6,21,7,33,0,42,0,0,0,1,0,29,16,0,0,29,17,0,80,95,45,70,100,200,70,10,0,249,34,0,44,0,0,0,0
"2022-08-02T07:20:00Z",0,0,0,0,0,0,6,21,7,33,0,41,0,0,0,1,0,29,16,0,0,28,17,0,80,95,45,70,100,200,70,10,0,249,33,0,43,0,0,0,0
"2022-08-02T07:30:00Z",0,0,0,0,0,0,6,21,7,32,0,40,0,0,0,1,0,28,16,0,0,28,17,0,80,95,45,70,100,200,70,10,0,249,33,0,42,0,0,0,0
"2022-08-02T07:40:00Z",0,0,0,0,0,0,6,21,7,32,0,40,0,0,0,1,0,28,16,0,0,28,17,0,80,95,45,70,100,200,70,10,0,249,33,0,42,0,0,0,0
"2022-08-02T07:50:00Z",0,0,0,0,0,0,6,21,7,32,0,39,0,0,0,1,0,28,16,0,0,28,17,0,80,95,45,70,100,200,70,10,0,249,33,0,41,0,0,0,0
"2022-08-02T08:00:00Z",0,0,0,0,0,0,6,21,7,31,0,38,0,0,0,1,0,28,16,0,0,28,17,0,80,95,45,70,100,200,70,10,0,249,33,0,41,0,0,0,0
"2022-08-02T08:10:00Z",0,0,0,0,0,0,6,21,7,31,0,38,0,0,0,1,0,28,16,0,0,28,17,0,80,95,45,70,100,200,70,10,0,249,33,0,40,0,0,0,0
"2022-08-02T08:20:00Z",0,0,0,0,0,0,6,21,7,31,0,37,0,0,0,1,0,28,16,0,0,28,17,0,80,95,45,70,100,200,70,10,0,249,32,0,40,0,0,0,0
"2022-08-02T08:30:00Z",0,0,0,0,0,0,6,22,7,31,0,37,0,0,0,1,0,28,16,0,0,27,17,0,80,95,45,70,100,200,70,10,0,249,32,0,39,0,0,0,0
"2022-08-02T08:40:00Z",0,0,0,0,0,0,6,22,7,31,0,36,0,0,0,1,0,27,16,0,0,27,17,0,80,95,45,70,100,200,70,10,0,249,32,0,39,0,0,0,0
"2022-08-02T08:50:00Z",0,0,0,0,0,0,6,22,7,31,0,36,0,0,0,1,0,27,16,0,0,27,17,0,80,95,45,70,100,200,70,10,0,249,32,0,38,0,0,0,0
"2022-08-02T09:00:00Z",0,0,0,0,0,0,6,22,7,31,0,36,0,0,0,1,0,27,16,0,0,27,17,0,80,95,45,70,100,200,70,10,0,249,32,0,38,0,0,0,0
"2022-08-02T09:10:00Z",0,0,0,0,0,0,6,22,7,31,0,35,0,0,0,1,0,27,16,0,0,27,17,0,80,95,45,70,100,200,70,10,0,249,32,0,38,0,0,0,0
"2022-08-02T09:20:00Z",0,0,0,0,0,0,6,22,7,31,0,35,0,0,0,1,0,27,16,0,0,27,17,0,80,95,45,70,100,200,70,10,0,249,32,0,37,0,0,0,0
"2022-08-02T09:30:00Z",0,0,0,0,0,0,6,22,7,31,0,34,0,0,0,1,0,27,16,0,0,27,17,0,80,95,45,70,100,200,70,10,0,249,32,0,37,0,0,0,0
"2022-08-02T09:40:00Z",0,0,0,0,0,0,6,22,7,31,0,34,0,0,0,1,0,27,16,0,0,27,17,0,80,95,45,70,100,200,70,10,0,249,32,0,36,0,0,0,0
"2022-08-02T09:50:00Z",0,0,0,0,0,0,6,23,7,31,0,34,0,0,0,1,0,27,16,0,0,27,17,0,80,95,45,70,100,200,70,10,0,249,32,0,36,0,0,0,0
"2022-08-02T10:00:00Z",0,0,0,0,0,0,6,23,7,31,0,33,0,0,0,1,0,27,16,0,0,27,17,0,80,95,45,70,100,200,70,10,0,249,32,0,36,0,0,0,0
"2022-08-02T10:10:00Z",0,0,0,0,0,0,6,23,7,31,0,33,0,0,0,1,0,27,16,0,0,27,17,0,80,95,45,70,100,200,70,10,0,249,32,0,36,0,0,0,0
"2022-08-02T10:20:00Z",0,0,0,0,0,0,6,23,7,31,0,33,0,0,0,1,0,27,16,0,0,27,17,0,80,95,45,70,100,200,70,10,0,249,32,0,35,0,0,0,0
"2022-08-02T10:30:00Z",0,0,0,0,0,0,6,23,7,31,0,32,0,0,0,1,0,27,16,0,0,27,17,0,80,95,45,70,100,200,70,10,0,249,32,0,35,0,0,0,0
"2022-08-02T10:40:00Z",0,0,0,0,0,0,6,23,7,31,0,32,0,0,0,1,0,27,16,0,0,27,17,0,80,95,45,70,100,200,70,10,0,249,32,0,35,0,0,0,0
"2022-08-02T10:50:00Z",0,0,0,0,0,0,6,23,7,31,0,32,0,0,0,1,0,27,16,0,0,27,17,0,80,95,45,70,100,200,70,10,0,249,32,0,34,0,0,0,0
"2022-08-02T11:00:00Z",0,0,0,0,0,0,6,23,7,31,0,32,0,0,0,1,0,27,16,0,0,27,17,0,80,95,45,70,100,200,70,10,0,249,32,0,34,0,0,0,0
"2022-08-02T11:10:00Z",0,0,0,0,0,0,6,23,7,31,0,31,0,0,0,1,0,27,16,0,0,27,17,0,80,95,45,70,100,200,70,10,0,249,32,0,34,0,0,0,0
"2022-08-02T11:20:00Z",0,0,0,0,0,0,6,24,7,31,0,31,0,0,0,1,0,27,16,0,0,27,17,0,80,95,45,70,100,200,70,10,0,249,32,0,34,0,0,0,0
"2022-08-02T11:30:00Z",0,0,0,0,0,0,6,24,7,31,0,31,0,0,0,1,0,27,16,0,0,27,17,0,80,95,45,70,100,200,70,10,0,249,32,0,34,0,0,0,0
"2022-08-02T11:40:00Z",0,0,0,0,0,0,6,24,7,31,0,31,0,0,0,1,0,27,16,0,0,27,17,0,80,95,45,70,100,200,70,10,0,249,32,0,33,0,0,0,0
"2022-08-02T11:50:00Z",0,0,0,0,0,0,6,24,7,31,0,30,0,0,0,1,0,27,16,0,0,27,17,0,80,95,45,70,100,200,70,10,0,249,32,0,33,0,0,0,0
"2022-08-02T12:00:00Z",0,0,0,0,0,0,6,24,7,31,0,30,0,0,0,1,0,27,16,0,0,27,17,0,80,95,45,70,100,200,70,10,0,249,32,0,33,0,0,0,0
"2022-08-02T12:10:00Z",0,0,0,0,0,0,6,24,7,31,0,30,0,0,0,1,0,27,16,0,0,27,17,0,80,95,45,70,100,200,70,10,0,249,32,0,33,0,0,0,0
"2022-08-02T12:20:00Z",0,0,0,0,0,0,6,24,7,31,0,30,0,0,0,1,0,27,16,0,0,27,17,0,80,95,45,70,100,200,70,10,0,249,32,0,32,0,0,0,0
"2022-08-02T12:30:00Z",0,0,0,0,0,0,6,24,7,31,0,30,0,0,0,1,0,27,16,0,0,27,17,0,80,95,45,70,100,200,70,10,0,249,32,0,32,0,0,0,0
"2022-08-02T12:40:00Z",0,0,0,0,0,0,6,24,7,31,0,30,0,0,0,1,0,28,16,0,0,27,17,0,80,95,45,70,100,200,70,10,0,249,32,0,32,0,0,0,0
"2022-08-02T12:50:00Z",0,0,0,0,0,0,6,24,7,31,0,30,0,0,0,1,0,28,16,0,0,27,17,0,80,95,45,70,100,200,70,10,0,249,32,0,32,0,0,0,0
"2022-08-02T13:00:00Z",0,0,0,0,0,0,6,24,7,31,0,29,0,0,0,1,0,28,16,0,0,27,17,0,80,95,45,70,100,200,70,10,0,249,32,0,32,0,0,0,0
"2022-08-02T13:10:00Z",0,0,0,0,0,0,6,24,7,31,0,29,0,0,0,1,0,28,16,0,0,28,17,0,80,95,45,70,100,200,70,10,0,249,32,0,32,0,0,0,0
"2022-08-02T13:20:00Z",0,0,0,0,0,0,6,25,7,31,0,29,0,0,0,1,0,28,16,0,0,28,17,0,80,95,45,70,100,200,70,10,0,249,32,0,32,0,0,0,0
"2022-08-02T13:30:00Z",0,0,0,0,0,0,6,25,7,31,0,29,0,0,0,1,0,28,16,0,0,28,17,0,80,95,45,70,100,200,70,10,0,249,32,0,32,0,0,0,0
"2022-08-02T13:40:00Z",0,0,0,0,0,0,6,25,7,31,0,29,0,0,0,1,0,28,16,0,0,28,17,0,80,95,45,70,100,200,70,10,0,249,32,0,31,0,0,0,0
"2022-08-02T13:50:00Z",0,0,0,0,0,0,6,25,7,31,0,28,0,0,0,1,0,28,16,0,0,28,17,0,80,95,45,70,100,200,70,10,0,249,32,0,31,0,0,0,0
"2022-08-02T14:00:00Z",0,0,0,0,0,0,6,25,7,31,0,28,0,0,0,1,0,28,16,0,0,28,17,0,80,95,45,70,100,200,70,10,0,249,32,0,31,0,0,0,0
"2022-08-02T14:10:00Z",0,0,0,0,0,0,6,25,7,31,0,28,0,0,0,1,0,28,16,0,0,28,17,0,80,95,45,70,100,200,70,10,0,249,32,0,31,0,0,0,0
"2022-08-02T14:20:00Z",0,0,0,0,0,0,6,25,7,31,0,28,0,0,0,1,0,28,16,0,0,28,17,0,80,95,45,70,100,200,70,10,0,249,32,0,31,0,0,0,0
"2022-08-02T14:30:00Z",0,0,0,0,0,0,6,25,7,31,0,28,0,0,0,1,0,28,16,0,0,28,17,0,80,95,45,70,100,200,70,10,0,249,32,0,31,0,0,0,0
"2022-08-02T14:40:00Z",0,0,0,0,0,0,6,25,7,31,0,28,0,0,0,1,0,28,16,0,0,28,17,0,80,95,45,70,100,200,70,10,0,249,32,0,30,0,0,0,0
"2022-08-02T14:50:00Z",0,0,0,0,0,0,6,25,7,31,0,28,0,0,0,1,0,28,16,0,0,28,17,0,80,95,45,70,100,200,70,10,0,249,32,0,30,0,0,0,0
"2022-08-02T15:00:00Z",0,0,0,0,0,0,6,25,7,31,0,28,0,0,0,1,0,28,16,0,0,28,17,0,80,95,45,70,100,200,70,10,0,249,32,0,30,0,0,0,0
"2022-08-02T15:10:00Z",0,0,0,0,0,0,6,25,7,31,0,27,0,0,0,1,0,28,16,0,0,28,17,0,80,95,45,70,100,200,70,10,0,249,32,0,30,0,0,0,0
"2022-08-02T15:20:00Z",0,0,0,0,0,0,6,25,7,31,0,27,0,0,0,1,0,28,16,0,0,28,17,0,80,95,45,70,100,200,70,10,0,249,32,0,30,0,0,0,0
"2022-08-02T15:30:00Z",0,0,0,0,0,0,6,25,7,31,0,27,0,0,0,1,0,28,16,0,0,28,17,0,80,95,45,70,100,200,70,10,0,249,32,0,30,0,0,0,0
"2022-08-02T15:40:00Z",0,0,0,0,0,0,6,25,7,31,0,27,0,0,0,1,0,28,16,0,0,28,17,0,80,95,45,70,100,200,70,10,0,249,32,0,30,0,0,0,0
"2022-08-02T15:50:00Z",0,0,0,0,0,0,6,25,7,31,0,27,0,0,0,1,0,28,16,0,0,28,17,0,80,95,45,70,100,200,70,10,0,249,32,0,30,0,0,0,0
"2022-08-02T16:00:00Z",0,0,0,0,0,0,6,25,7,31,0,27,0,0,0,1,0,28,16,0,0,28,17,0,80,95,45,70,100,200,70,10,0,249,32,0,30,0,0,0,0
"2022-08-02T16:10:00Z",0,0,0,0,0,0,6,25,7,31,0,27,0,0,0,1,0,28,16,0,0,28,17,0,80,95,45,70,100,200,70,10,0,249,32,0,30,0,0,0,0
"2022-08-02T16:20:00Z",0,0,0,0,0,0,6,25,7,31,0,27,0,0,0,1,0,28,16,0,0,28,17,0,80,95,45,70,100,200,70,10,0,249,32,0,29,0,0,0,0
"2022-08-02T16:30:00Z",0,0,0,0,0,0,6,25,7,31,0,26,0,0,0,1,0,28,16,0,0,28,17,0,80,95,45,70,100,200,70,10,0,249,32,0,29,0,0,0,0
"2022-08-02T16:40:00Z",0,0,0,0,0,0,6,25,7,31,0,26,0,0,0,1,0,28,16,0,0,28,17,0,80,95,45,70,100,200,70,10,0,249,32,0,29,0,0,0,0
"2022-08-02T16:50:00Z",0,0,0,0,0,0,6,25,7,31,0,26,0,0,0,1,0,28,16,0,0,28,17,0,80,95,45,70,100,200,70,10,0,249,32,0,29,0,0,0,0
"2022-08-02T17:00:00Z",0,0,0,0,0,0,6,25,7,31,0,26,0,0,0,1,0,28,16,0,0,28,17,0,80,95,45,70,100,200,70,10,0,249,32,0,29,0,0,0,0
"2022-08-02T17:10:00Z",0,0,0,0,0,0,6,25,7,31,0,26,0,0,0,1,0,28,16,0,0,28,17,0,80,95,45,70,100,200,70,10,0,249,32,0,29,0,0,0,0
"2022-08-02T17:20:00Z",0,0,0,0,0,0,6,25,7,31,0,26,0,0,0,1,0,28,16,0,0,28,17,0,80,95,45,70,100,200,70,10,0,249,32,0,29,0,0,0,0
"2022-08-02T17:30:00Z",0,0,0,0,0,0,6,25,7,31,0,26,0,0,0,1,0,28,16,0,0,28,17,0,80,95,45,70,100,200,70,10,0,249,32,0,29,0,0,0,0
"2022-08-02T17:40:00Z",0,0,0,0,0,0,6,25,7,31,0,26,0,0,0,1,0,28,16,0,0,28,17,0,80,95,45,70,100,200,70,10,0,249,32,0,29,0,0,0,0
"2022-08-02T17:50:00Z",0,0,0,0,0,0,6,25,7,31,0,26,0,0,0,1,0,28,16,0,0,28,17,0,80,95,45,70,100,200,70,10,0,249,32,0,28,0,0,0,0
"2022-08-02T18:00:00Z",0,0,0,0,0,0,6,25,7,31,0,26,0,0,0,1,0,28,16,0,0,28,17,0,80,95,45,70,100,200,70,10,0,249,32,0,28,0,0,0,0
"2022-08-02T18:10:00Z",0,0,0,0,0,0,6,25,7,31,0,26,0,0,0,1,0,28,16,0,0,28,17,0,80,95,45,70,100,200,70,10,0,249,32,0,28,0,0,0,0
"2022-08-02T18:20:00Z",0,0,0,0,0,0,6,25,7,31,0,26,0,0,0,1,0,28,16,0,0,28,17,0,80,95,45,70,100,200,70,10,0,249,32,0,28,0,0,0,0
"2022-08-02T18:30:00Z",0,0,0,0,0,0,6,25,7,31,0,25,0,0,0,1,0,28,16,0,0,28,17,0,80,95,45,70,100,200,70,10,0,249,32,0,28,0,0,0,0
"2022-08-02T18:40:00Z",0,0,0,0,0,0,6,25,7,31,0,25,0,0,0,1,0,28,16,0,0,28,17,0,80,95,45,70,100,200,70,10,0,249,32,0,28,0,0,0,0
"2022-08-02T18:50:00Z",0,0,0,0,0,0,6,25,7,31,0,25,0,0,0,1,0,28,16,0,0,28,17,0,80,95,45,70,100,200,70,10,0,249,32,0,28,0,0,0,0
"2022-08-02T19:00:00Z",0,0,0,0,0,0,6,25,7,31,0,25,0,0,0,1,0,28,16,0,0,28,17,0,80,95,45,70,100,200,70,10,0,249,32,0,28,0,0,0,0
"2022-08-02T19:10:00Z",0,0,0,0,0,0,6,25,7,31,0,25,0,0,0,1,0,28,16,0,0,28,17,0,80,95,45,70,100,200,70,10,0,249,32,0,28,0,0,0,0
"2022-08-02T19:20:00Z",0,0,0,0,0,0,6,25,7,31,0,25,0,0,0,1,0,28,16,0,0,28,17,0,80,95,45,70,100,200,70,10,0,249,32,0,28,0,0,0,0
"2022-08-02T19:30:00Z",0,0,0,0,0,0,6,25,7,31,0,25,0,0,0,1,0,28,16,0,0,27,17,0,80,95,45,70,100,200,70,10,0,249,32,0,28,0,0,0,0
"2022-08-02T19:40:00Z",0,0,0,0,0,0,6,25,7,31,0,25,0,0,0,1,0,28,16,0,0,27,17,0,80,95,45,70,100,200,70,10,0,249,32,0,28,0,0,0,0
"2022-08-02T19:50:00Z",0,0,0,0,0,0,6,25,7,31,0,25,0,0,0,1,0,28,16,0,0,27,17,0,80,95,45,70,100,200,70,10,0,249,32,0,28,0,0,0,0
"2022-08-02T20:00:00Z",0,0,0,0,0,0,6,25,7,31,0,24,0,0,0,1,0,27,16,0,0,27,17,0,80,95,45,70,100,200,70,10,0,249,32,0,28,0,0,0,0
"2022-08-02T20:10:00Z",0,0,0,0,0,0,6,25,7,31,0,24,0,0,0,1,0,27,16,0,0,27,17,0,80,95,45,70,100,200,70,10,0,249,32,0,27,0,0,0,0
"2022-08-02T20:20:00Z",0,0,0,0,0,0,6,25,7,31,0,24,0,0,0,1,0,27,16,0,0,27,17,0,80,95,45,70,100,200,70,10,0,249,32,0,27,0,0,0,0
"2022-08-02T20:30:00Z",0,0,0,0,0,0,6,25,7,31,0,24,0,0,0,1,0,27,16,0,0,27,17,0,80,95,45,70,100,200,70,10,0,249,32,0,27,0,0,0,0
"2022-08-02T20:40:00Z",0,0,0,0,0,0,6,25,7,31,0,24,0,0,0,1,0,27,16,0,0,27,17,0,80,95,45,70,100,200,70,10,0,249,32,0,27,0,0,0,0
"2022-08-02T20:50:00Z",0,0,0,0,0,0,6,24,7,31,0,24,0,0,0,1,0,27,16,0,0,27,17,0,80,95,45,70,100,200,70,10,0,249,32,0,27,0,0,0,0
"2022-08-02T21:00:00Z",0,0,0,0,0,0,6,24,7,31,0,24,0,0,0,1,0,27,16,0,0,27,17,0,80,95,45,70,100,200,70,10,0,249,32,0,27,0,0,0,0
"2022-08-02T21:10:00Z",0,0,0,0,0,0,6,24,7,31,0,24,0,0,0,1,0,27,16,0,0,27,17,0,80,95,45,70,100,200,70,10,0,249,32,0,27,0,0,0,0
"2022-08-02T21:20:00Z",0,0,0,0,0,0,6,24,7,31,0,24,0,0,0,1,0,27,16,0,0,27,17,0,80,95,45,70,100,200,70,10,0,249,32,0,27,0,0,0,0
"2022-08-02T21:30:00Z",0,0,0,0,0,0,6,24,7,31,0,24,0,0,0,1,0,27,16,0,0,27,17,0,80,95,45,70,100,200,70,10,0,249,32,0,27,0,0,0,0
"2022-08-02T21:40:00Z",0,0,0,0,0,0,6,24,7,31,0,24,0,0,0,1,0,27,16,0,0,27,17,0,80,95,45,70,100,200,70,10,0,249,32,0,26,0,0,0,0
"2022-08-02T21:50:00Z",0,0,0,0,0,0,6,24,7,31,0,24,0,0,0,1,0,27,16,0,0,27,17,0,80,95,45,70,100,200,70,10,0,249,32,0,26,0,0,0,0
"2022-08-02T22:00:00Z",0,0,0,0,0,0,6,24,7,31,0,24,0,0,0,1,0,27,16,0,0,27,17,0,80,95,45,70,100,200,70,10,0,249,31,0,26,0,0,0,0
"2022-08-02T22:10:00Z",0,0,0,0,0,0,6,24,7,31,0,24,0,0,0,1,0,27,16,0,0,27,17,0,80,95,45,70,100,200,70,10,0,249,31,0,26,0,0,0,0
"2022-08-02T22:20:00Z",0,0,0,0,0,0,6,23,7,30,0,23,0,0,0,1,0,27,16,0,0,27,17,0,80,95,45,70,100,200,70,10,0,249,31,0,26,0,0,0,0
"2022-08-02T22:30:00Z",0,0,0,0,0,0,6,23,7,30,0,23,0,0,0,1,0,27,16,0,0,27,17,0,80,95,45,70,100,200,70,10,0,249,31,0,26,0,0,0,0
"2022-08-02T22:40:00Z",0,0,0,0,0,0,6,23,7,30,0,23,0,0,0,1,0,27,16,0,0,27,17,0,80,95,45,70,100,200,70,10,0,249,31,0,26,0,0,0,0
"2022-08-02T22:50:00Z",0,0,0,0,0,0,6,23,7,30,0,23,0,0,0,1,0,27,16,0,0,27,17,0,80,95,45,70,100,200,70,10,0,249,31,0,26,0,0,0,0
"2022-08-02T23:00:00Z",0,0,0,0,0,0,6,23,7,30,0,23,0,0,0,1,0,27,16,0,0,27,17,0,80,95,45,70,100,200,70,10,0,249,31,0,26,0,0,0,0
"2022-08-02T23:10:00Z",0,0,0,0,0,0,6,23,7,30,0,23,0,0,0,1,0,27,16,0,0,27,17,0,80,95,45,70,100,200,70,10,0,249,31,0,26,0,0,0,0
"2022-08-02T23:20:00Z",0,0,0,0,0,0,6,23,7,30,0,23,0,0,0,1,0,27,16,0,0,27,17,0,80,95,45,70,100,200,70,10,0,249,31,0,26,0,0,0,0
"2022-08-02T23:30:00Z",0,0,0,0,0,0,6,23,7,30,0,23,0,0,0,1,0,27,16,0,0,27,17,0,80,95,45,70,100,200,70,10,0,249,31,0,26,0,0,0,0
"2022-08-02T23:40:00Z",0,0,0,0,0,0,6,23,7,30,0,23,0,0,0,1,0,27,16,0,0,27,17,0,80,95,45,70,100,200,70,10,0,249,31,0,26,0,0,0,0
"2022-08-02T23:50:00Z",0,0,0,0,0,0,6,23,7,30,0,23,0,0,0,1,0,27,16,0,0,27,17,0,80,95,45,70,100,200,70,10,0,249,31,0,26,0,0,0,0
"2022-08-03T00:00:00Z",0,0,0,0,0,0,6,23,7,30,0,22,0,0,0,1,0,27,16,0,0,27,17,0,80,95,45,70,100,200,70,10,0,249,31,0,25,0,0,0,0
"2022-08-03T00:10:00Z",0,0,0,0,0,0,6,22,7,30,0,22,0,0,0,1,0,27,16,0,0,27,17,0,80,95,45,70,100,200,70,10,0,249,31,0,25,0,0,0,0
"2022-08-03T00:20:00Z",0,0,0,0,0,0,6,22,7,30,0,22,0,0,0,1,0,27,16,0,0,27,17,0,80,95,45,70,100,200,70,10,0,249,31,0,25,0,0,0,0
"2022-08-03T00:30:00Z",0,0,0,0,0,0,6,22,7,30,0,22,0,0,0,1,0,27,16,0,0,27,17,0,80,95,45,70,100,200,70,10,0,249,31,0,25,0,0,0,0
"2022-08-03T00:40:00Z",0,0,0,0,0,0,6,22,7,30,0,22,0,0,0,1,0,27,16,0,0,27,17,0,80,95,45,70,100,200,70,10,0,249,31,0,25,0,0,0,0
"2022-08-03T00:50:00Z",0,0,0,0,0,0,6,22,7,30,0,22,0,0,0,1,0,27,16,0,0,27,17,0,80,95,45,70,100,200,70,10,0,249,31,0,25,0,0,0,0
"2022-08-03T01:00:00Z",0,0,0,0,0,0,6,22,7,30,0,22,0,0,0,1,0,27,16,0,0,27,17,0,80,95,45,70,100,200,70,10,0,249,31,0,25,0,0,0,0
"2022-08-03T01:10:00Z",0,0,0,0,0,0,6,22,7,30,0,22,0,0,0,1,0,27,16,0,0,27,17,0,80,95,45,70,100,200,70,10,0,249,31,0,25,0,0,0,0
"2022-08-03T01:20:00Z",0,0,0,0,0,0,6,22,7,30,0,22,0,0,0,1,0,27,16,0,0,27,17,0,80,95,45,70,100,200,70,10,0,249,31,0,25,0,0,0,0
"2022-08-03T01:30:00Z",0,0,0,0,0,0,6,22,7,30,0,22,0,0,0,1,0,27,16,0,0,27,17,0,80,95,45,70,100,200,70,10,0,249,31,0,25,0,0,0,0
"2022-08-03T01:40:00Z",0,0,0,0,0,0,6,22,7,30,0,22,0,0,0,1,0,27,16,0,0,27,17,0,80,95,45,70,100,200,70,10,0,249,31,0,24,0,0,0,0
"2022-08-03T01:50:00Z",0,0,0,0,0,0,6,22,7,30,0,22,0,0,0,1,0,27,16,0,0,27,17,0,80,95,45,70,100,200,70,10,0,249,31,0,24,0,0,0,0
"2022-08-03T02:00:00Z",0,0,0,0,0,0,6,22,7,30,0,22,0,0,0,1,0,27,16,0,0,27,17,0,80,95,45,70,100,200,70,10,0,249,31,0,24,0,0,0,0
"2022-08-03T02:10:00Z",0,0,0,0,0,0,6,22,7,30,0,22,0,0,0,1,0,27,16,0,0,27,17,0,80,95,45,70,100,200,70,10,0,249,31,0,24,0,0,0,0
"2022-08-03T02:20:00Z",0,0,0,0,0,0,6,22,7,30,0,22,0,0,0,1,0,27,16,0,0,27,17,0,80,95,45,70,100,200,70,10,0,249,31,0,24,0,0,0,0
"2022-08-03T02:30:00Z",0,0,0,0,0,0,6,21,7,30,0,21,0,0,0,1,0,27,16,0,0,27,17,0,80,95,45,70,100,200,70,10,0,249,31,0,24,0,0,0,0
"2022-08-03T02:40:00Z",0,0,0,0,0,0,6,21,7,30,0,21,0,0,0,1,0,27,16,0,0,27,17,0,80,95,45,70,100,200,70,10,0,249,31,0,24,0,0,0,0
"2022-08-03T02:50:00Z",0,0,0,0,0,0,6,21,7,30,0,21,0,0,0,1,0,27,16,0,0,27,17,0,80,95,45,70,100,200,70,10,0,249,31,0,24,0,0,0,0
"2022-08-03T03:00:00Z",0,0,0,0,0,0,6,21,7,30,0,21,0,0,0,1,0,27,16,0,0,27,17,0,80,95,45,70,100,200,70,10,0,249,31,0,24,0,0,0,0
"2022-08-03T03:10:00Z",0,0,0,0,0,0,6,21,7,30,0,21,0,0,0,1,0,27,16,0,0,27,17,0,80,95,45,70,100,200,70,10,0,249,31,0,24,0,0,0,0
"2022-08-03T03:20:00Z",0,0,0,0,0,0,6,21,7,30,0,21,0,0,0,1,0,27,16,0,0,27,17,0,80,95,45,70,100,200,70,10,0,249,31,0,24,0,0,0,0
"2022-08-03T03:30:00Z",0,0,0,0,0,0,6,21,7,30,0,21,0,0,0,1,0,27,16,0,0,27,17,0,80,95,45,70,100,200,70,10,0,249,31,0,24,0,0,0,0
"2022-08-03T03:40:00Z",0,0,0,0,0,0,6,21,7,30,0,21,0,0,0,1,0,27,16,0,0,27,17,0,80,95,45,70,100,200,70,10,0,249,31,0,24,0,0,0,0
"2022-08-03T03:50:00Z",0,0,0,0,0,0,6,21,7,30,0,21,0,0,0,1,0,27,16,0,0,27,17,0,80,95,45,70,100,200,70,10,0,249,31,0,24,0,0,0,0
"2022-08-03T04:00:00Z",0,0,0,0,0,0,6,21,7,30,0,21,0,0,0,1,0,27,16,0,0,27,17,0,80,95,45,70,100,200,70,10,0,249,31,0,24,0,0,0,0
"2022-08-03T04:10:00Z",0,0,0,0,0,0,6,21,7,30,0,21,0,0,0,1,0,27,16,0,0,27,17,0,80,95,45,70,100,200,70,10,0,249,31,0,23,0,0,0,0
"2022-08-03T04:20:00Z",0,0,0,0,0,0,6,21,7,30,0,21,0,0,0,1,0,27,16,0,0,27,17,0,80,95,45,70,100,200,70,10,0,249,31,0,23,0,0,0,0
"2022-08-03T04:30:00Z",0,0,0,0,0,0,6,21,7,30,0,21,0,0,0,1,0,27,16,0,0,27,17,0,80,95,45,70,100,200,70,10,0,249,31,0,23,0,0,0,0
"2022-08-03T04:40:00Z",0,0,0,0,0,0,6,21,7,30,0,21,0,0,0,1,0,27,16,0,0,27,17,0,80,95,45,70,100,200,70,10,0,249,31,0,23,0,0,0,0
"2022-08-03T04:50:00Z",0,0,0,0,0,0,6,21,7,30,0,21,0,0,0,1,0,27,16,0,0,27,17,0,80,95,45,70,100,200,70,10,0,249,30,0,23,0,0,0,0
"2022-08-03T05:00:00Z",0,0,0,0,0,0,6,21,7,30,0,21,0,0,0,1,0,27,16,0,0,26,17,0,80,95,45,70,100,200,70,10,0,249,30,0,23,0,0,0,0
"2022-08-03T05:10:00Z",0,0,0,0,0,0,6,21,7,30,0,20,0,0,0,1,0,27,16,0,0,26,17,0,80,95,45,70,100,200,70,10,0,249,30,0,23,0,0,0,0
"2022-08-03T05:20:00Z",0,0,0,0,0,0,6,21,7,30,0,20,0,0,0,1,0,27,16,0,0,26,17,0,80,95,45,70,100,200,70,10,0,249,30,0,23,0,0,0,0
"2022-08-03T05:30:00Z",0,0,0,0,0,0,6,21,7,30,0,20,0,0,0,1,0,26,16,0,0,26,17,0,80,95,45,70,100,200,70,10,0,249,30,0,23,0,0,0,0
"2022-08-03T05:40:00Z",0,0,0,0,0,0,6,21,7,30,0,20,0,0,0,1,0,26,16,0,0,26,17,0,80,95,45,70,100,200,70,10,0,249,30,0,23,0,0,0,0
"2022-08-03T05:50:00Z",0,0,0,0,0,0,6,21,7,30,0,20,0,0,0,1,0,26,16,0,0,26,17,0,80,95,45,70,100,200,70,10,0,249,30,0,23,0,0,0,0
"2022-08-03T06:00:00Z",0,0,0,0,0,0,6,21,7,30,0,20,0,0,0,1,0,26,16,0,0,26,17,0,80,95,45,70,100,200,70,10,0,249,30,0,23,0,0,0,0
"2022-08-03T06:10:00Z",0,0,0,0,0,0,6,21,7,30,0,20,0,0,0,1,0,26,16,0,0,26,17,0,80,95,45,70,100,200,70,10,0,249,30,0,22,0,0,0,0
"2022-08-03T06:20:00Z",0,0,0,0,0,0,6,21,7,30,0,20,0,0,0,1,0,26,16,0,0,26,17,0,80,95,45,70,100,200,70,10,0,249,30,0,22,0,0,0,0
"2022-08-03T06:30:00Z",0,0,0,0,0,0,6,22,7,30,0,20,0,0,0,1,0,26,16,0,0,26,17,0,80,95,45,70,100,200,70,10,0,249,30,0,22,0,0,0,0
"2022-08-03T06:40:00Z",0,0,0,0,0,0,6,22,7,30,0,20,0,0,0,1,0,26,16,0,0,26,17,0,80,95,45,70,100,200,70,10,0,249,30,0,22,0,0,0,0
"2022-08-03T06:50:00Z",0,0,0,0,0,0,6,22,7,30,0,20,0,0,0,1,0,26,16,0,0,26,17,0,80,95,45,70,100,200,70,10,0,249,30,0,22,0,0,0,0
"2022-08-03T07:00:00Z",0,0,0,0,0,0,6,22,7,30,0,20,0,0,0,1,0,26,16,0,0,26,17,0,80,95,45,70,100,200,70,10,0,249,30,0,22,0,0,0,0
"2022-08-03T07:10:00Z",0,0,0,0,0,0,6,22,7,30,0,20,0,0,0,1,0,26,16,0,0,26,17,0,80,95,45,70,100,200,70,10,0,249,30,0,22,0,0,0,0
"2022-08-03T07:20:00Z",0,0,0,0,0,0,6,22,7,30,0,20,0,0,0,1,0,26,16,0,0,26,17,0,80,95,45,70,100,200,70,10,0,249,30,0,22,0,0,0,0
"2022-08-03T07:30:00Z",0,0,0,0,0,0,6,22,7,30,0,19,0,0,0,1,0,26,16,0,0,26,17,0,80,95,45,70,100,200,70,10,0,249,30,0,22,0,0,0,0
"2022-08-03T07:40:00Z",0,0,0,0,0,0,6,23,7,30,0,19,0,0,0,1,0,26,16,0,0,26,17,0,80,95,45,70,100,200,70,10,0,249,30,0,22,0,0,0,0
"2022-08-03T07:50:00Z",0,0,0,0,0,0,6,23,7,30,0,19,0,0,0,1,0,26,16,0,0,26,17,0,80,95,45,70,100,200,70,10,0,249,30,0,22,0,0,0,0
"2022-08-03T08:00:00Z",0,0,0,0,0,0,6,23,7,30,0,19,0,0,0,1,0,26,16,0,0,26,17,0,80,95,45,70,100,200,70,10,0,249,30,0,22,0,0,0,0
"2022-08-03T08:10:00Z",0,0,0,0,0,0,6,23,7,30,0,19,0,0,0,1,0,26,16,0,0,26,17,0,80,95,45,70,100,200,70,10,0,249,30,0,22,0,0,0,0
"2022-08-03T08:20:00Z",0,0,0,0,0,0,6,23,7,30,0,19,0,0,0,1,0,26,16,0,0,26,17,0,80,95,45,70,100,200,70,10,0,249,30,0,22,0,0,0,0
"2022-08-03T08:30:00Z",0,0,0,0,0,0,6,23,7,30,0,19,0,0,0,1,0,27,16,0,0,26,17,0,80,95,45,70,100,200,70,10,0,249,30,0,22,0,0,0,0
"2022-08-03T08:40:00Z",0,0,0,0,0,0,6,24,7,30,0,19,0,0,0,1,0,27,16,0,0,27,17,0,80,95,45,70,100,200,70,10,0,249,30,0,22,0,0,0,0
"2022-08-03T08:50:00Z",0,0,0,0,0,0,6,24,7,30,0,19,0,0,0,1,0,27,16,0,0,27,17,0,80,95,45,70,100,200,70,10,0,249,30,0,22,0,0,0,0
"2022-08-03T09:00:00Z",0,0,0,0,0,0,6,24,7,30,0,19,0,0,0,1,0,27,16,0,0,27,17,0,80,95,45,70,100,200,70,10,0,249,30,0,22,0,0,0,0
"2022-08-03T09:10:00Z",0,0,0,0,0,0,6,24,7,30,0,19,0,0,0,1,0,27,16,0,0,27,17,0,80,95,45,70,100,200,70,10,0,249,30,0,22,0,0,0,0
"2022-08-03T09:20:00Z",0,0,0,0,0,0,6,24,7,30,0,19,0,0,0,1,0,27,16,0,0,27,17,0,80,95,45,70,100,200,70,10,0,249,31,0,22,0,0,0,0
"2022-08-03T09:30:00Z",0,0,0,0,0,0,6,24,7,30,0,19,0,0,0,1,0,27,16,0,0,27,17,0,80,95,45,70,100,200,70,10,0,249,31,0,22,0,0,0,0
"2022-08-03T09:40:00Z",0,0,0,0,0,0,6,25,7,30,0,19,0,0,0,1,0,27,16,0,0,27,17,0,80,95,45,70,100,200,70,10,0,249,31,0,22,0,0,0,0
"2022-08-03T09:50:00Z",0,0,0,0,0,0,6,25,7,30,0,19,0,0,0,1,0,27,16,0,0,27,17,0,80,95,45,70,100,200,70,10,0,249,31,0,22,0,0,0,0
"2022-08-03T10:00:00Z",0,0,0,0,0,0,6,25,7,30,0,19,0,0,0,1,0,27,16,0,0,27,17,0,80,95,45,70,100,200,70,10,0,249,31,0,22,0,0,0,0
"2022-08-03T10:10:00Z",0,0,0,0,0,0,6,25,7,30,0,19,0,0,0,1,0,27,16,0,0,27,17,0,80,95,45,70,100,200,70,10,0,249,31,0,22,0,0,0,0
"2022-08-03T10:20:00Z",0,0,0,0,0,0,6,25,7,30,0,19,0,0,0,1,0,27,16,0,0,27,17,0,80,95,45,70,100,200,70,10,0,249,31,0,22,0,0,0,0
"2022-08-03T10:30:00Z",0,0,0,0,0,0,6,25,7,30,0,19,0,0,0,1,0,27,16,0,0,27,17,0,80,95,45,70,100,200,70,10,0,249,31,0,22,0,0,0,0
"2022-08-03T10:40:00Z",0,0,0,0,0,0,6,25,7,30,0,19,0,0,0,1,0,27,16,0,0,27,17,0,80,95,45,70,100,200,70,10,0,249,31,0,22,0,0,0,0
"2022-08-03T10:50:00Z",0,0,0,0,0,0,6,26,7,30,0,19,0,0,0,1,0,27,16,0,0,27,17,0,80,95,45,70,100,200,70,10,0,249,31,0,22,0,0,0,0
"2022-08-03T11:00:00Z",0,0,0,0,0,0,6,26,7,30,0,19,0,0,0,1,0,27,16,0,0,27,17,0,80,95,45,70,100,200,70,10,0,249,31,0,22,0,0,0,0
"2022-08-03T11:10:00Z",0,0,0,0,0,0,6,26,7,30,0,19,0,0,0,1,0,27,16,0,0,27,17,0,80,95,45,70,100,200,70,10,0,249,31,0,22,0,0,0,0
"2022-08-03T11:20:00Z",0,0,0,0,0,0,6,26,7,30,0,19,0,0,0,1,0,27,16,0,0,27,17,0,80,95,45,70,100,200,70,10,0,249,31,0,22,0,0,0,0
"2022-08-03T11:30:00Z",0,0,0,0,0,0,6,26,7,30,0,19,0,0,0,1,0,27,16,0,0,27,17,0,80,95,45,70,100,200,70,10,0,249,31,0,22,0,0,0,0
"2022-08-03T11:40:00Z",0,0,0,0,0,0,6,26,7,30,0,19,0,0,0,1,0,27,16,0,0,27,17,0,80,95,45,70,100,200,70,10,0,249,32,0,22,0,0,0,0
"2022-08-03T11:50:00Z",0,0,0,0,0,0,6,26,7,30,0,19,0,0,0,1,0,28,16,0,0,28,17,0,80,95,45,70,100,200,70,10,0,249,32,0,22,0,0,0,0
"2022-08-03T12:00:00Z",0,0,0,0,0,0,6,26,7,30,0,19,0,0,0,1,0,28,16,0,0,28,17,0,80,95,45,70,100,200,70,10,0,249,32,0,22,0,0,0,0
"2022-08-03T12:10:00Z",0,0,0,0,0,0,6,27,7,30,0,19,0,0,0,1,0,28,16,0,0,28,17,0,80,95,45,70,100,200,70,10,0,249,32,0,22,0,0,0,0
"2022-08-03T12:20:00Z",0,0,0,0,0,0,6,27,7,30,0,19,0,0,0,1,0,28,16,0,0,28,17,0,80,95,45,70,100,200,70,10,0,249,32,0,22,0,0,0,0
"2022-08-03T12:30:00Z",0,0,0,0,0,0,6,27,7,30,0,19,0,0,0,1,0,28,16,0,0,28,17,0,80,95,45,70,100,200,70,10,0,249,32,0,22,0,0,0,0
"2022-08-03T12:40:00Z",0,0,0,0,0,0,6,27,7,31,0,19,0,0,0,1,0,28,16,0,0,28,17,0,80,95,45,70,100,200,70,10,0,249,32,0,22,0,0,0,0
"2022-08-03T12:50:00Z",0,0,0,0,0,0,6,27,7,31,0,19,0,0,0,1,0,28,16,0,0,28,17,0,80,95,45,70,100,200,70,10,0,249,32,0,22,0,0,0,0
"2022-08-03T13:00:00Z",0,0,0,0,0,0,6,27,7,31,0,19,0,0,0,1,0,28,16,0,0,28,17,0,80,95,45,70,100,200,70,10,0,249,32,0,22,0,0,0,0
"2022-08-03T13:10:00Z",0,0,0,0,0,0,6,27,7,31,0,19,0,0,0,1,0,28,16,0,0,28,17,0,80,95,45,70,100,200,70,10,0,249,32,0,22,0,0,0,0
"2022-08-03T13:20:00Z",0,0,0,0,0,0,6,27,7,31,0,19,0,0,0,1,0,28,16,0,0,28,17,0,80,95,45,70,100,200,70,10,0,249,32,0,22,0,0,0,0
"2022-08-03T13:30:00Z",0,0,0,0,0,0,6,27,7,31,0,19,0,0,0,1,0,28,16,0,0,28,17,0,80,95,45,70,100,200,70,10,0,249,32,0,22,0,0,0,0
"2022-08-03T13:40:00Z",0,0,0,0,0,0,6,27,7,31,0,19,0,0,0,1,0,28,16,0,0,28,17,0,80,95,45,70,100,200,70,10,0,249,32,0,22,0,0,0,0
"2022-08-03T13:50:00Z",0,0,0,0,0,0,6,28,7,31,0,20,0,0,0,1,0,28,16,0,0,28,17,0,80,95,45,70,100,200,70,10,0,249,32,0,22,0,0,0,0
"2022-08-03T14:00:00Z",0,0,0,0,0,0,6,28,7,31,0,20,0,0,0,1,0,28,16,0,0,28,17,0,80,95,45,70,100,200,70,10,0,249,32,0,22,0,0,0,0
"2022-08-03T14:10:00Z",0,0,0,0,0,0,6,28,7,31,0,20,0,0,0,1,0,28,16,0,0,28,17,0,80,95,45,70,100,200,70,10,0,249,32,0,23,0,0,0,0
"2022-08-03T14:20:00Z",0,0,0,0,0,0,6,28,7,31,0,20,0,0,0,1,0,28,16,0,0,28,17,0,80,95,45,70,100,200,70,10,0,249,32,0,23,0,0,0,0
"2022-08-03T14:30:00Z",0,0,0,0,0,0,6,28,7,31,0,20,0,0,0,1,0,28,16,0,0,28,17,0,80,95,45,70,100,200,70,10,0,249,32,0,23,0,0,0,0
"2022-08-03T14:40:00Z",0,0,0,0,0,0,6,28,7,31,0,20,0,0,0,1,0,28,16,0,0,28,17,0,80,95,45,70,100,200,70,10,0,249,32,0,23,0,0,0,0
"2022-08-03T14:50:00Z",0,0,0,0,0,0,6,28,7,31,0,20,0,0,0,1,0,28,16,0,0,28,17,0,80,95,45,70,100,200,70,10,0,249,32,0,23,0,0,0,0
"2022-08-03T15:00:00Z",0,0,0,0,0,0,6,28,7,31,0,20,0,0,0,1,0,28,16,0,0,28,17,0,80,95,45,70,100,200,70,10,0,249,32,0,23,0,0,0,0
